date,gdelt_tone_mean,gdelt_tone_std,gdelt_positive_mean,gdelt_negative_mean,gdelt_n_articles
2018-01-01,-2.8814628082692937,3.257395570854459,2.034104546008816,4.915567354278111,144
2018-01-02,-2.339356776383843,3.498277397961404,2.4329912597794814,4.772348036163325,146
2018-01-03,-2.021030084732802,3.249489009407188,2.5992191935740427,4.6202492783068445,224
2018-01-04,-2.1475870114363156,2.8946463409916063,2.529564000635649,4.677151012071966,332
2018-01-05,-1.4937885102624608,2.669631384080561,2.650088916429522,4.143877426691983,254
2018-01-06,-1.7405958026136814,2.7710561160313034,2.4461626391413964,4.186758441755079,224
2018-01-07,-1.35353613758002,2.953696897609749,2.4469932816814093,3.80052941926143,91
2018-01-08,-1.3830507394961569,2.915832773050688,3.0513465155982344,4.4343972550943915,164
2018-01-09,-1.1936226569122592,3.291153054560599,2.5552560411853764,3.748878698097636,272
2018-01-10,-0.9826237064066176,2.867944676707123,2.557579117453253,3.5402028238598704,288
2018-01-11,-1.7505354468963117,3.683186888285548,2.560230229527511,4.3107656764238245,276
2018-04-05,-1.1406469113135649,3.3779067545411428,2.7054727241802943,3.84611963549386,24
2018-04-06,-1.260665528219904,2.830905375072718,2.6082582530522913,3.868923781272195,225
2018-04-07,-1.6643269943860302,3.1367392513533643,2.6322252778400115,4.296552272226042,221
2018-04-08,-1.5041553102390204,3.111367510496976,2.4740830763892316,3.9782383866282527,103
2018-04-09,-3.9699685737728463,3.82619416861316,2.1248223457897577,6.094790919562605,177
2018-04-10,-2.4209760718900433,3.5092540501866125,2.259347169879954,4.6803232417699965,324
2018-04-11,-1.960485683638835,2.968857611010306,2.2209453805972927,4.181431064236127,307
2018-04-12,-2.1574834975395927,3.395580591754887,2.428241152003758,4.585724649543351,399
2018-04-13,-2.6582818721498924,3.188319535979532,2.1633793812205933,4.821661253370486,368
2018-04-14,-2.0884654628766617,3.350516356092463,2.6016276815972965,4.690093144473958,274
2018-04-15,-2.6275095127607813,2.690655662123138,2.580130613346855,5.207640126107638,189
2018-04-16,-1.9999510174789603,2.581231641985693,2.5877591380725185,4.58771015555148,217
2018-05-23,-2.126989902735663,3.200383428716779,2.741239755596726,4.868229658332388,345
2018-05-24,-1.248047101817692,2.7595954263546574,2.4722407416320746,3.7202878434497673,285
2018-05-25,-1.6497517867425264,2.655368672599351,2.6075441409350413,4.257295927677568,263
2018-05-26,-1.7811373751345363,2.9785809673796364,2.4491988807802554,4.230336255914792,251
2018-05-27,-1.9849686204744392,3.1197350187427215,2.4410934552213295,4.4260620756957705,96
2018-05-28,-0.6295709125248825,2.9930704527525878,2.825294061838671,3.4548649743635536,125
2018-05-29,-1.0353465467219398,2.5710866146195817,2.585144192455368,3.620490739177308,164
2018-05-30,-2.4065770911237,3.418650742190462,2.2420772384436507,4.648654329567352,208
2018-05-31,-1.0449598431548635,3.2647173295551726,2.692231533432633,3.737191376587496,251
2018-06-01,-1.2749763489296584,3.2525279770321194,2.6815236030882224,3.956499952017881,273
2018-06-02,-1.2793708202965766,2.8125506393438053,2.272398650278679,3.551769470575256,239
2018-06-03,-1.4227200100621835,3.4719990763366506,2.642395060888266,4.0651150709504495,92
2018-06-04,-1.7096829916975678,3.145334280801132,2.613508925553459,4.323191917251027,143
2018-06-05,0.9809845132117125,6.021656326765337,4.0589598989382,3.077975385726486,245
2018-06-06,-1.1929605079827348,2.9956111525112377,2.679851825523603,3.8728123335063374,206
2018-06-07,-0.6601056999438447,2.959711203906185,2.718018488132232,3.3781241880760766,234
2018-06-09,-1.7252956982689653,2.9299616411848226,2.3066913113829037,4.0319870096518695,241
2018-06-10,1.8349724487396968,4.583607750103577,4.222385954747821,2.3874135060081243,190
2018-06-11,0.8937215029942345,3.7761232923616865,3.8404352709156253,2.9467137679213904,132
2018-06-12,-1.0206058796390887,3.214922559762951,2.5855969939159835,3.606202873555073,239
2018-06-13,-0.8330432992091594,3.5671130740266794,2.804963866050209,3.6380071652593684,223
2018-06-14,-0.7857197138745489,2.8827318938382063,2.6626589993385816,3.4483787132131303,170
2018-06-15,-1.2695025515387366,2.9599687357669233,2.5349150087037366,3.804417560242474,240
2018-06-16,-2.0111756421597335,3.2962568305178164,2.4460458454052554,4.457221487564989,187
2018-06-17,0.053306992945096957,5.08664636948518,3.79672556999313,3.743418577048034,93
2018-06-18,-1.307362266498976,2.490679782479575,2.2169124060119585,3.524274672510934,122
2018-06-19,-1.0326557275954518,3.549408021153439,2.7373589716951003,3.770014699290553,200
2018-06-21,-0.9064345638896586,3.019465834027993,2.7183651818709325,3.6247997457605905,208
2018-06-22,-2.796973193377554,4.371642524864759,2.2201532448483103,5.01712643822587,202
2018-06-23,-1.2110413194893368,3.5013700369692744,2.4566157272164486,3.667657046705785,174
2018-06-24,-0.9371220559160514,3.369583971547166,3.006267281826442,3.943389337742493,107
2018-06-25,-1.1337731122669323,3.059008044740012,2.652943130612999,3.7867162428799315,125
2018-06-26,-1.456606861395879,3.217567988172755,2.581314659027482,4.037921520423361,192
2018-06-27,-1.5734752272282853,3.288075439001881,2.587385746903458,4.160860974131743,243
2018-06-28,-0.016547660432336925,3.502822024855657,3.120080535432921,3.136628195865258,236
2018-06-29,-1.0116630166779583,2.9357691675931172,2.6235498247738636,3.6352128414518208,216
2018-06-30,-1.4037222738408268,3.4924032320214726,2.595755886174812,3.99947816001564,184
2018-07-01,-1.5094685314706509,3.3021954906833084,2.5715164568440008,4.0809849883146505,93
2018-07-02,-0.7020147649572849,2.795465310198452,2.828308655308393,3.5303234202656775,133
2018-07-03,-0.0964037120591135,3.707456080363239,3.1430790315631647,3.239482743622278,203
2018-07-04,-0.9184755540040832,2.6237842093204033,2.5432357237889853,3.4617112777930674,252
2018-07-05,-1.8405926212327048,3.5246220897715377,2.404430578062773,4.2450231992954786,162
2018-07-06,-1.8044970348260432,3.249697592148396,2.4395086824017076,4.244005717227752,249
2018-07-07,-1.4190950808063278,3.4508111697931363,2.4177774572918844,3.8368725380982127,132
2018-07-08,-1.9853650499556552,2.860429721159285,2.3900160109830195,4.375381060938675,114
2018-07-09,-2.3059129291494074,3.611727103239836,2.399720675459463,4.70563360460887,134
2018-07-10,-1.251564705194138,3.4636068306488936,2.561001986028927,3.812566691223065,191
2018-07-11,-0.8563532010095803,3.0635407887516086,2.740832104940481,3.597185305950062,231
2018-07-12,-1.4057555432574966,2.710308090433425,2.4645564795818085,3.8703120228393058,249
2018-07-13,-1.6535628698096088,3.001427181420983,2.60344748676738,4.2570103565769895,261
2018-07-14,-2.5330680801705014,2.6944071299523342,2.167789441722467,4.700857521892968,298
2018-07-15,-2.422244550905161,3.3779391801372673,2.205004367311156,4.627248918216318,144
2018-07-17,-1.9313004998602807,2.7753860107236292,2.4744963037153873,4.405796803575668,296
2018-07-18,-2.163935803804669,2.745578202897635,2.4700102299630142,4.633946033767684,351
2018-09-05,-2.0107850705794563,3.429568068246927,2.355900240979396,4.366685311558853,295
2018-09-06,-2.2465174310992393,3.7618599118219844,2.368169396439684,4.6146868275389235,360
2018-09-07,-2.1690392197518027,2.8190123221589354,2.291779597011883,4.460818816763686,211
2018-09-08,-2.6410140116566954,3.0387636922581267,2.4023794770754847,5.043393488732179,280
2018-10-05,-1.0207234171429336,3.908526453562295,2.9517189437366724,3.972442360879606,157
2018-10-06,-1.6674882438369687,3.23962085782995,2.6232812309405675,4.290769474777536,187
2018-10-07,-1.7271960372344084,3.819108783420784,3.1570752279171423,4.884271265151551,113
2018-10-08,-1.216865181658762,3.363838615613526,2.767397843299468,3.98426302495823,122
2018-10-09,-1.024641611111955,4.07836221155811,2.98301703077083,4.007658641882785,175
2018-10-10,-0.9061129876759364,3.4881062142348536,2.8345007915374527,3.7406137792133896,220
2018-10-11,-1.8093697996310711,2.8879271304085714,2.514572367555927,4.323942167186998,278
2018-10-12,-1.8870922181233905,3.528544780161442,2.376621274735139,4.263713492858529,218
2018-10-13,-1.8087724309754765,2.8576299336486457,2.639710426952474,4.448482857927949,139
2018-10-14,-2.066606158059361,3.2615804749922224,2.4919302293182453,4.558536387377607,130
2018-10-15,-1.3831128472914422,3.9928577981779663,2.5880072487972474,3.9711200960886894,115
2018-10-16,-2.020843248861907,3.2319055728533295,2.17194843210757,4.192791680969476,210
2018-10-17,-1.3421994879650327,2.5097522868497615,2.427560617889696,3.769760105854728,239
2018-10-18,-2.7249128023956657,3.701420281816135,2.325910739848051,5.050823542243715,324
2018-10-19,-2.296612891660498,3.1062686507715225,2.3269782353337405,4.6235911269942385,225
2018-10-20,-2.283623117840775,3.3945428507127873,2.415768345941684,4.699391463782459,261
2018-10-21,-0.9298222891600084,3.374005809431968,3.3916554863486925,4.321477775508701,127
2018-10-22,-1.831468703048196,2.576217437995738,2.284143266134087,4.1156119691822814,93
2018-10-23,-1.2552534237540256,3.5777695496145965,2.71752761004555,3.972781033799575,219
2018-10-24,-1.773272207982994,3.463987345241474,2.574197454243252,4.3474696622262465,226
2018-10-25,-1.9334711321653393,3.1377242369924745,2.3096754348076227,4.243146566972961,207
2018-10-26,-1.9544208958362388,2.9818499505248384,2.2415948377601325,4.196015733596372,270
2018-10-27,-1.9575510330337849,3.988103993125311,2.6391360583397967,4.596687091373582,191
2018-10-28,-2.0180512448361427,3.1369513386261003,2.611266908651319,4.629318153487462,89
2018-10-29,-1.509898420260899,3.200005888644419,2.616920960531747,4.1268193807926465,92
2018-10-30,-1.483181568549882,3.205909366835417,2.425660808091347,3.90884237664123,178
2018-10-31,-0.3110948164652629,3.2226163163920156,2.8611412301762345,3.1722360466414967,160
2018-11-01,-1.1375864161670552,2.6135187692460495,2.303594715444577,3.4411811316116325,200
2018-11-02,-0.951717552779307,3.565831089526444,2.646376578799824,3.5980941315791313,227
2018-11-03,-1.8824246520473005,3.084581659801958,2.4260457222348704,4.30847037428217,169
2018-11-04,-1.1423881246729757,3.624923948047503,2.7721408363397213,3.914528961012695,88
2018-11-05,-1.3355317467671288,2.9025663955500405,3.119951338769024,4.4554830855361525,136
2018-11-06,-1.2000144627359313,3.1848177894068277,2.3558346828279237,3.5558491455638555,232
2018-11-07,-1.0130387423235652,3.2462223870402367,2.3320059984458816,3.3450447407694477,321
2018-11-08,-2.0734594894124383,3.059674852026791,2.397639537106706,4.471099026519144,283
2018-11-09,-1.5076995888002118,2.8941735695091273,2.3066662551734662,3.8143658439736776,250
2018-11-10,-1.6744227798313804,2.892365696205547,2.5019457701089416,4.176368549940322,296
2018-11-11,-1.5215284269796436,2.645140112600227,2.534068402679949,4.055596829659592,117
2018-11-12,-2.003876035693509,3.098989613223414,2.631297317484246,4.635173353177755,142
2018-11-14,-1.0003004087095764,2.946498471589497,2.6684769320544888,3.668777340764065,246
2018-11-15,-1.485628019673653,3.036535353885995,2.4616975578564073,3.947325577530061,179
2018-11-16,-1.475563355207594,3.621195377735483,2.877803704275741,4.353367059483335,274
2018-11-17,-1.9598790316182888,2.8088303826798553,2.3663866115220493,4.326265643140339,227
2018-11-18,-1.7086310499590571,3.641311605782286,2.7201675958623226,4.428798645821379,94
2018-11-19,-1.2886151139970343,2.703887946678787,2.4659776616009146,3.754592775597949,99
2018-11-20,-1.1526664021052366,4.462615975054582,2.6575555537372897,3.8102219558425254,223
2018-11-21,-1.8303737310542791,2.9202846697922142,2.574150592270601,4.404524323324881,252
2018-11-22,-1.3564669832543088,3.192653216567926,2.576981275341474,3.9334482585957833,140
2018-11-23,-1.336253704077372,3.2999490663148188,2.43684427475716,3.773097978834533,132
2018-11-25,-1.4035290559218712,4.215107927568598,2.6257515408428405,4.02928059676471,64
2018-11-26,-3.16121946084508,3.710869390878744,1.7896426646676995,4.95086212551278,158
2018-11-27,-2.3522391436737484,3.718520526233101,2.28294695194584,4.635186095619589,238
2018-11-28,-1.7050329768734434,3.193295969192984,2.3306617284161693,4.035694705289613,262
2018-11-29,-1.5207772979857224,3.4952093487339213,2.6360434186415804,4.156820716627302,252
2018-11-30,-1.6278472856906003,3.1424122833650214,2.3148810542730356,3.942728339963638,278
2018-12-02,-1.857468512472294,3.4714848747054106,2.6108504934698487,4.468319005942143,163
2018-12-03,-1.57737247828041,3.531352811621602,2.6071408116384296,4.184513289918841,138
2018-12-04,-1.3778324121254584,2.8213986252917267,2.4461285925577245,3.8239610046831833,260
2018-12-05,-1.0979231807854348,3.029811456740373,2.818652976547062,3.916576157332496,263
2018-12-06,-1.6660972837261867,3.64725603942578,2.4796625015506732,4.145759785276859,206
2018-12-07,-1.3843827330804082,3.4891303368617663,2.506733763844526,3.8911164969249343,193
2018-12-08,-2.6678642370865124,3.2005941263017847,2.2860999819214647,4.953964219007978,284
2018-12-09,-2.4098007525242178,3.771715272620877,2.1703680604490665,4.580168812973287,106
2018-12-10,-1.2207791525709208,3.213000685811481,2.3702583407678537,3.5910374933387725,146
2019-01-07,-1.3853261180506897,3.5297628877541745,2.702857773834356,4.088183891885046,70
2019-01-08,-1.4267837048306031,3.664121342898557,2.5595180216767544,3.9863017265073575,180
2019-01-09,-1.861649218688499,3.862872685044843,2.662722148763367,4.524371367451866,220
2019-02-05,-0.5574716880062323,3.360644649481334,2.8155698141865746,3.373041502192806,186
2019-02-06,-1.6482872209573798,3.1899776965115656,2.4842983267008014,4.132585547658182,204
2019-02-07,-1.1871319879497972,2.767590853296426,2.5238308315500286,3.710962819499826,228
2019-02-09,-0.8275050189968329,3.0605454842823194,2.895046696950791,3.7225517159476236,162
2019-02-10,-0.9754832346065606,3.5667744390027445,3.0554729982262825,4.0309562328328425,55
2019-02-11,-1.6233952689520634,4.244604290581776,2.7211931939583973,4.344588462910459,163
2019-02-12,-1.3201413319018231,3.301087011125716,2.572490007414565,3.892631339316388,223
2019-02-13,-0.8548128192511454,2.9581960826995344,2.649729719901723,3.5045425391528684,232
2019-02-14,-0.8320741468933164,3.330899544996813,2.7872168901448364,3.6192910370381526,209
2019-02-15,-1.5966188812719286,2.848547685420135,2.6280461429436635,4.224665024215591,249
2019-02-16,-2.061068634137754,3.510044139088314,2.499863499923504,4.560932134061258,203
2019-02-17,-1.5840946445446775,3.4437192306264506,2.9816572387949636,4.565751883339642,92
2019-02-18,-1.4477857264877925,2.86568517237484,2.448481371414838,3.896267097902631,113
2019-02-19,-1.393589794710186,3.3709296425098154,2.5752394967328924,3.9688292914430785,135
2019-02-20,-0.2923979983835305,3.4731911302780425,3.093852519675614,3.3862505180591445,192
2019-02-21,-1.7734559408858015,3.0059435758742294,2.088341505641681,3.8617974465274822,246
2019-02-22,-2.3681650287205103,3.293213917330523,2.1281484773230153,4.496313506043526,199
2019-02-23,-0.482993072198228,3.445061080155088,2.9253105877145904,3.4083036599128183,153
2019-02-24,-2.7491982668637855,3.866684131286058,2.3625960340396492,5.111794300903435,106
2019-02-25,-1.7119108590273855,3.069318960675333,2.494565527610837,4.206476386638222,110
2019-02-26,-1.2011124614458024,3.392821112541275,2.916981953165537,4.11809441461134,223
2019-02-27,-1.6607228145898685,2.779370289037341,2.5375562685538773,4.1982790831437455,291
2019-02-28,-2.525700020507719,3.004060793007213,2.206184314309232,4.731884334816952,260
2019-03-01,-1.7071520223248522,3.18754931704119,2.47715071170751,4.184302734032363,250
2019-03-02,-1.9854921144346676,3.0281629685183806,2.3954229504220805,4.3809150648567465,249
2019-03-03,-1.8513557252168868,2.489924282465821,2.6150408590047696,4.466396584221657,127
2019-03-04,-2.065994762954058,2.909735570522031,2.5320418368725752,4.598036599826633,127
2019-03-05,-1.4302786864619577,2.7575984854350875,2.5147113903924887,3.944990076854446,204
2019-03-06,-1.701525485515094,3.098342757436912,2.2469373198981537,3.948462805413248,169
2019-03-07,-1.29831770095531,2.5326726996785234,2.519586597191752,3.8179042981470617,180
2019-03-08,-1.7480121570102285,3.3217816334334,2.4742484381228933,4.222260595133123,184
2019-03-09,-1.8839413034355688,3.303939898053095,2.4350222582150742,4.318963561650643,209
2019-03-10,-0.7086260785016868,4.306402444435864,3.382347328551784,4.090973407053472,72
2019-03-11,-1.187272631927243,3.2259789803001686,2.534474735906499,3.7217473678337423,116
2019-03-12,-1.818119498007621,3.4677512896462708,2.390771813659693,4.208891311667314,191
2019-03-13,-1.2885532219669615,2.942376140253155,2.52100821630282,3.809561438269781,164
2019-03-14,-2.257945413834829,3.645881438153237,2.5042482761665816,4.762193690001411,166
2019-03-15,-1.7584460340916055,3.61196907245634,2.4826377787114935,4.241083812803099,212
2019-03-16,-0.8615429933251803,3.0231234660510076,2.8460360512682312,3.7075790445934103,166
2019-04-29,-1.5320093062053903,2.9501913410512306,2.6825809095455573,4.214590215750948,75
2019-05-01,-1.1515595404783234,3.02079175601669,2.668240674939371,3.819800215417695,202
2019-05-29,-1.0605712567267649,3.780678333080276,2.6948891113536715,3.7554603680804366,136
2019-05-30,-1.468941008839349,2.9172323094583037,2.62825449485952,4.097195503698869,207
2019-05-31,-1.542843262119196,2.5510085988381777,2.5880785740209964,4.1309218361401925,245
2019-06-01,-0.8061151892996198,3.1983682157412447,2.9363390482149407,3.742454237514561,170
2019-06-02,-0.6321331214210018,3.1669851836759784,3.3857812148609803,4.01791433628198,80
2019-06-03,-1.7551138110250684,2.7362629969353156,2.60889303024385,4.3640068412689175,86
2019-06-04,-1.580724849883247,3.7531508810950394,2.6568960185779344,4.237620868461182,167
2019-06-05,-1.3139380812542614,3.112200338307397,2.632813723165847,3.9467518044201086,185
2019-06-06,-1.8840658380537667,3.194207138679141,2.540684338043168,4.424750176096934,129
2019-06-07,-1.263487704832039,2.921067236150161,2.7495745065464594,4.013062211378498,170
2019-06-08,-1.2235136836541396,3.517963492652319,2.6814480654166455,3.9049617490707855,161
2019-06-09,-0.3177792374547535,3.286175340728308,2.886663716123789,3.2044429535785435,84
2019-06-10,-0.6955022067331013,3.562603208860519,3.141519556234313,3.8370217629674137,96
2019-06-11,-1.7106926256114283,3.186359695961325,2.529336902544135,4.240029528155563,185
2019-06-12,-1.328774647876613,3.1326891078077748,2.593497562691166,3.9222722105677783,157
2019-06-13,-1.6751154388214646,3.620988612441334,2.47427827044792,4.149393709269384,215
2019-09-11,-1.4736096133203431,3.0275021358586995,2.5901147336098767,4.063724346930219,191
2019-09-12,-0.9039838573719032,3.5299226073102115,2.858646034860179,3.762629892232083,152
2019-09-13,-0.9367853046188334,3.351407228024791,2.7923774367953205,3.729162741414154,145
2019-09-14,-1.4722125484211197,3.156288354975767,2.6164240511410823,4.088636599562203,168
2019-09-15,-1.4684715833875146,3.1583729594615337,2.636621471712176,4.10509305509969,65
2019-09-16,-1.78074528608588,3.584727716360164,2.4814918741485843,4.262237160234465,104
2019-09-17,-1.3215354982334817,3.8678698719126143,2.5165752126810106,3.838110710914492,180
2019-09-18,-1.32135433853505,3.2237332537981813,2.7248070524658297,4.046161391000879,166
2019-09-19,-1.7761036502623315,3.3927776175898745,2.337435176677099,4.11353882693943,207
2019-09-20,-0.8914669780324125,3.167976731477552,2.6599920121423057,3.551458990174719,165
2019-09-21,-1.9847601495876797,3.630914235241576,2.479646625215968,4.464406774803648,197
2019-09-22,-1.8158386241941096,3.81075502702045,2.995140551156914,4.810979175351024,53
2019-09-23,-1.4010178470120462,3.1694311932361767,2.7251016097176075,4.126119456729654,90
2019-09-24,-1.0943573924448038,2.9263464695392507,2.573825180069667,3.668182572514471,139
2019-09-25,-1.7283277001588733,3.839884487789625,2.736594237957111,4.4649219381159835,200
2019-09-26,-1.292922688299718,3.285695382711834,2.7371863256329467,4.030109013932665,198
2019-09-27,-1.5219071837315854,3.455797926220779,2.612150848429218,4.134058032160803,177
2019-09-28,-1.909920997487124,2.8463774853119976,2.3953463180937207,4.305267315580846,180
2019-09-29,-1.783202115320048,3.600650210398544,2.921999732807343,4.70520184812739,96
2019-09-30,-1.962520069599531,3.516959686372959,2.485853560393922,4.448373629993452,111
2019-10-01,-1.689149775001087,2.769826200284086,2.2411343623664943,3.9302841373675808,195
2019-10-02,-1.1846454246626017,3.448585192938698,2.945099549551337,4.1297449742139385,208
2019-10-03,-1.8000204812060103,3.1055597304590776,2.5153706686766277,4.315391149882639,137
2019-10-04,-1.3998030229110738,3.2329199983569006,2.412428156343839,3.812231179254914,173
2019-10-05,-1.82977539162342,3.635132203910194,2.4857332318998533,4.315508623523272,140
2019-10-06,-0.9257993731594032,2.997346440152948,2.5676562375961436,3.493455610755549,71
2019-10-07,-2.02429108795885,3.61587152315297,2.630383111959869,4.654674199918717,115
2019-10-08,-1.6466220172361954,2.971894637955295,2.346142712314343,3.992764729550539,153
2019-10-09,-1.3919946393745064,3.805128576273894,2.9006364274498933,4.292631066824399,151
2019-10-10,-1.5176479909857803,3.0132647354593747,2.559528593661333,4.077176584647113,173
2019-10-11,-2.328204364126773,3.9934698572359766,2.3260431073397627,4.654247471466535,162
2019-10-12,-1.0349593086956348,3.1649547144122177,2.620259484520926,3.65521879321656,155
2019-10-13,-0.2452756888256885,3.0094437876489124,3.2882757811736902,3.5335514699993795,81
2019-10-14,-2.7639516069037193,3.145411854166235,2.4587773748311728,5.2227289817348925,108
2019-10-15,-1.7564753413483225,3.7834339315276506,2.739820737849567,4.496296079197889,243
2019-12-11,-1.7745418331894272,4.009917461216986,2.6870380708104618,4.461579903999887,188
2019-12-12,-0.7765232350125862,3.364902517756255,2.9155133403095825,3.692036575322169,195
2019-12-13,-1.4266645589193372,3.252848458813418,2.8762215980092236,4.302886156928562,170
2019-12-14,-1.4450488914186204,3.5425108216562813,3.1831351239912835,4.6281840154099045,177
2019-12-15,-0.6586893432700943,2.9648414067226856,2.9200886225109413,3.578777965781036,60
2019-12-16,-1.700756976715342,3.199933038442698,2.6551349306684924,4.3558919073838345,61
2020-01-20,-0.8798904227853128,3.481334060392952,2.559478823282677,3.43936924606799,110
2020-01-21,-1.44483757930496,2.94103095059756,2.6379586661788483,4.0827962454838085,118
2020-01-22,-0.6725242682661984,3.8510473167962496,3.030715255893423,3.703239524159621,171
2020-01-23,-1.7616189742931538,3.0156630911580233,2.2201164838250853,3.9817354581182385,169
2020-01-24,-2.2507963288243955,3.332703325563746,2.4068587757350777,4.657655104559472,191
2020-01-25,-1.5771250912632735,3.150717847306445,2.4934640166127986,4.070589107876073,175
2020-01-26,-3.452065878514232,2.6697577629276035,2.2130903548296934,5.665156233343926,55
2020-01-27,-1.1469546176986571,2.8769772657219663,2.522798841651891,3.669753459350548,52
2020-01-28,-0.9527327572976808,3.216723026773221,3.0093326039777626,3.9620653612754446,135
2020-01-29,-1.5779233372278816,3.181118933400687,2.3120741107244855,3.889997447952367,201
2020-01-30,-1.9570070898471323,3.4724201691089105,2.4639988529040697,4.421005942751202,174
2020-01-31,-1.5830348909494136,3.0959310915577016,2.4633826492167916,4.046417540166205,165
2020-02-01,-1.763914217306636,3.310276028684699,2.62358246218568,4.387496679492315,143
2020-02-03,-1.8607095606422193,4.1794855974930725,2.7608610938465423,4.621570654488763,99
2020-02-04,-1.3355691717857188,3.444844247398478,2.544108195879506,3.879677367665225,180
2020-02-05,-0.9660138469898684,3.653216361356064,2.896719850819827,3.8627336978096953,164
2020-02-06,-1.9261918858648797,3.2974425347670544,3.1662888752846907,5.09248076114957,245
2020-02-07,-0.890852038038086,4.127430616782035,3.032714549134393,3.92356658717248,161
2020-02-08,-1.2637456003179537,3.2032200306669507,2.632947357754579,3.8966929580725327,129
2020-02-09,0.0743223538913428,3.644042458128206,3.65633017262484,3.5820078187334974,71
2020-02-10,0.0928817563904718,3.456704573287295,3.785587464729923,3.6927057083394503,112
2020-02-11,-2.1117595956263755,3.966019534826569,2.5780633658140895,4.689822961440466,153
2020-02-12,-1.5912743818336457,3.269541356074211,2.8011841949196303,4.392458576753276,200
2020-02-13,-1.098588761830755,3.5053967012154907,3.0348286054390448,4.133417367269799,144
2020-02-14,-1.54304991427859,3.424522964107925,2.610374638358278,4.153424552636867,205
2020-03-07,-2.0712611742548845,3.09161271132345,2.366680293789269,4.437941468044154,153
2020-03-08,-2.144773691527961,2.693786573955904,2.120350770029198,4.26512446155716,34
2020-03-09,-1.5634393260182493,2.9474342391598256,2.51156494160502,4.07500426762327,82
2020-03-10,-1.8936459239434105,3.3844324806535435,2.361065453483024,4.254711377426435,187
2020-03-11,-1.472494660679659,3.2996399441149906,2.7641656453937493,4.236660306073407,163
2020-03-12,-1.9984280767959357,2.8868530072148877,2.406757972491636,4.405186049287573,151
2020-03-13,-1.9898641254410152,3.104202072641308,2.4339376080377564,4.423801733478772,191
2020-03-14,-1.7034771022942494,2.6387279857571033,2.5144725607115257,4.217949663005778,155
2020-03-15,-2.1058604653502138,2.0634300461806157,2.0265823303110335,4.132442795661247,59
2020-03-16,-1.9443351705326744,2.6060721823868125,2.5607990463587416,4.505134216891416,132
2020-03-17,-2.409002359657448,2.3785811418052645,2.241620277618271,4.650622637275719,170
2020-03-18,-1.6812262928010726,2.7661195879706475,2.6331599626499016,4.314386255450973,130
2020-03-19,-1.998147330795535,3.102741656270518,2.446898501028807,4.445045831824341,175
2020-03-20,-2.0344698056854345,3.2484947129982547,2.393030110404306,4.427499916089741,156
2020-03-21,-2.364889130711015,2.815709385460292,2.3227162184156063,4.687605349126621,138
2020-03-22,-1.9508142008211,2.74176670506802,2.421789619845618,4.372603820666717,83
2020-03-23,-1.3931622733986693,3.908230215909568,2.8133401984406397,4.20650247183931,76
2020-03-24,-1.349175875767856,3.1821877552538504,2.789154681851741,4.138330557619597,96
2020-03-25,-1.879026788638092,3.1746255169634923,2.6608903857622557,4.539917174400348,131
2020-03-26,-1.958344770683344,2.7703159721792874,2.38010659826487,4.338451368948214,154
2020-03-27,-1.672807874377966,2.4598025955330236,2.5259365185317115,4.198744392909677,144
2020-03-29,-3.082519537531674,3.1784313950278684,2.43256279881083,5.515082336342503,43
2020-03-30,-2.2966055400758254,2.811180792619034,2.2884872253117186,4.585092765387545,91
2020-03-31,-1.3339475391430111,3.572287193453883,2.888319763334957,4.222267302477968,124
2020-04-01,-1.262728099488341,2.9132266555840873,2.5034942825941657,3.766222382082506,143
2020-04-02,-1.8377085501725752,2.6934073005898695,2.332019336563483,4.169727886736059,134
2020-04-03,-1.7469107844872112,2.6369042502241933,2.4525346336650795,4.199445418152291,180
2020-04-04,-1.1838873755403978,2.6161920121644697,2.767832153479687,3.951719529020085,122
2020-04-05,-1.8981958440911295,2.7860201723062445,2.357998120720634,4.256193964811764,49
2020-04-06,-2.3610843546488933,3.190611734248213,2.28169731700985,4.642781671658743,51
2020-04-07,-1.5079756687324912,2.8029017687159556,2.4945273559729495,4.002503024705441,101
2020-04-08,-1.8427514967734144,3.082940564934665,2.6030011370204553,4.4457526337938695,107
2020-04-09,-1.8293407527754897,3.1272480576695303,2.77986317872312,4.60920393149861,102
2020-04-10,-1.549824098453939,2.445215180097306,2.493613816285399,4.043437914739338,160
2020-04-11,-1.070005218330382,3.3244880068104874,2.849766409117219,3.9197716274476018,121
2020-04-12,-1.5717905087872408,3.4401305640168625,2.69896842541074,4.270758934197981,31
2020-04-13,-1.6344725203662085,3.0955416141964283,3.0585074578886235,4.692979978254831,106
2020-04-14,-1.5197745833760667,2.913126783830402,2.506574412959074,4.02634899633514,103
2020-04-15,-0.956731115364739,3.6227931251328456,3.221517382850336,4.178248498215075,98
2020-04-16,-0.7563910032463975,2.4496566175437375,2.852081065858292,3.6084720691046894,111
2020-04-17,-1.7235968131837156,3.0518027081518295,2.769745518936489,4.493342332120204,116
2020-04-18,-0.7288719109551823,3.9768026548014106,2.9343934036538126,3.6632653146089953,99
2020-04-19,-1.4168949839678333,2.9788680679326376,2.951310200856725,4.368205184824558,71
2020-04-20,-3.303274884202254,2.4891937820772765,1.8020323305441508,5.105307214746405,88
2020-04-21,-1.0970841881195084,2.860313887991353,2.7201120302735324,3.817196218393041,102
2020-04-23,-1.4454736611488206,3.3995903108052596,2.8341635987910943,4.279637259939916,133
2020-04-24,-0.9060941066236676,2.926073254724329,2.788159484531155,3.694253591154822,126
2020-04-25,-1.8789367214743125,2.819097332554853,2.6090737760462765,4.488010497520589,112
2020-04-26,-0.9402670761293308,3.0734195328227902,2.8868776889057988,3.82714476503513,49
2020-04-27,-1.1763918151486832,2.8721048022238427,2.8928022375326607,4.069194052681345,46
2020-04-28,-1.0076507839256537,2.8834672247444604,2.7257754953686866,3.733426279294341,126
2020-04-29,-1.589228214170909,3.3826903082581365,2.3505566352406433,3.9397848494115526,142
2020-05-01,-0.7955369477153825,3.8532689583905992,3.020761669884944,3.816298617600328,139
2020-05-02,-0.6096758604640194,2.94346126643636,3.1652839902422527,3.774959850706273,100
2020-05-03,-1.0698843091294834,2.961257651897029,2.753467070824985,3.823351379954469,60
2020-06-03,-2.7745092214149856,3.147896928297762,2.0757151376043548,4.85022435901934,114
2020-06-04,-2.292229018846977,3.472625165646724,2.3359131366466532,4.62814215549363,117
2020-06-05,-1.9703166127762,2.900685690517938,2.4861688542888136,4.456485467065013,132
2020-06-06,-2.124620187067783,3.0547850268226653,2.510079334092896,4.63469952116068,96
2020-06-07,-1.5997138019725676,3.562998267327997,2.747112735362122,4.346826537334688,44
2020-06-09,-2.1168502331202417,3.3542976622806036,2.5128117762779225,4.629662009398165,110
2020-06-10,-1.2729887027304412,3.338191761335994,2.779797327003845,4.052786029734286,98
2020-06-30,-1.2286828013026931,2.9808673885461245,2.874905761049517,4.10358856235221,142
2020-07-01,-0.6277533633652667,2.96617858136439,3.032918281074244,3.660671644439511,148
2020-07-02,-0.9934043095436983,2.8718529405959545,2.8213098455499477,3.814714155093647,108
2020-07-03,-1.335727598304754,3.1280178192126105,2.876108030021313,4.211835628326068,95
2020-07-04,-2.2062746558336035,2.818312489449992,2.151893082507053,4.358167738340657,98
2020-07-05,-1.2115331832196485,2.9815384340539066,2.690526412561946,3.9020595957815947,62
2020-07-06,-1.319076541411238,4.0291540319154215,2.9471507761201323,4.266227317531372,63
2020-07-07,-1.4773519602735656,3.248877706828116,2.6076585931625496,4.085010553436115,119
2020-07-08,-1.0278966056379895,3.005532622460196,2.7325077191673004,3.7604043248052896,138
2020-07-09,-0.9855822583235659,3.1092762624645314,2.819239578627288,3.8048218369508544,126
2020-07-11,-1.6096096900662809,3.6428610657783165,2.6219751037998105,4.231584793866092,131
2020-07-12,-1.321859359082058,2.645556476460609,2.7934445508313654,4.115303909913423,92
2020-07-13,-2.5070592014440414,3.2972794329923043,2.30653411702391,4.8135933184679525,73
2020-07-14,-1.2922419619881371,2.9054013652980117,2.6539247382197697,3.9461667002079066,173
2020-07-15,-2.7373263261334264,2.773762571948501,2.0572302627229604,4.794556588856386,121
2020-07-16,-1.2743128537137902,2.8342368404125415,2.75526189579989,4.029574749513681,111
2020-07-17,-1.1327002947487292,3.0034355875136725,3.0290811263301047,4.1617814210788335,120
2020-07-18,-1.3595965396425862,3.417785019695348,2.564070865210175,3.923667404852762,116
2020-07-19,-0.6600971680458048,3.325946981049009,3.0927290292091607,3.752826197254966,73
2020-07-20,-1.4978973019650317,3.7434765980180145,2.5281082269400366,4.026005528905069,70
2020-07-21,-2.992933294616987,3.4515425029300943,2.2857018388212524,5.278635133438239,167
2020-07-22,-1.7635690678366842,3.691062794013436,2.7826351972870573,4.546204265123742,137
2020-07-23,-1.529927907106101,3.3863807864979636,2.545114311785503,4.075042218891603,115
2020-07-24,-1.2785897315627304,3.0193732443364043,2.5720491787700506,3.8506389103327807,128
2020-07-25,-0.6141246755728405,3.345690983625886,2.80851040383998,3.4226350794128204,97
2020-07-26,-1.8374869219066814,3.456591859077237,2.397898365436948,4.235385287343631,51
2020-07-28,-1.8652152916518643,3.0497012229087823,2.683434344689004,4.548649636340869,106
2020-07-29,-1.5280836782545022,3.173003102403552,2.8774710340922796,4.405554712346782,170
2020-09-12,-1.4982777225426656,3.3614715760450675,2.6976063223724576,4.195884044915124,100
2021-04-29,-0.41429762903029643,3.2644732192801493,3.094907407248748,3.509205036279044,100
2021-04-30,-0.7033980392364754,3.4446915916343075,2.924065979489185,3.6274640187256604,94
2021-05-01,-1.1882974566553408,3.546747554007621,2.7925308468523378,3.980828303507677,101
2021-05-02,1.124532426524227,3.0986400264231255,3.7814782499379738,2.656945823413748,53
2021-05-03,-1.4212312056903824,3.2971061910964545,2.6461755564269613,4.067406762117345,44
2021-05-04,0.09135719054980256,3.2170666736997586,3.2269859225127826,3.135628731962981,91
2021-05-05,-0.9721154381269775,3.235461607715308,2.8361078836743503,3.8082233218013286,95
2021-05-07,-1.2185812727822045,3.29272638053412,2.7295318001410935,3.9481130729232983,125
2021-05-08,-0.753668599017295,3.385423298101056,2.7440328668105143,3.4977014658278094,85
2021-05-09,0.10557913634004724,2.9996933154279892,3.1121539847525868,3.00657484841254,62
2021-05-12,-2.3713308546591394,4.177958390275695,2.3092728500353212,4.680603704694458,128
2021-05-13,-1.94966441083476,3.9398635935121202,2.5252551916619734,4.474919602496733,178
2021-05-14,-2.393393508597475,3.4888031385888922,2.198989196728514,4.5923827053259885,130
2021-05-15,-0.8806695441401354,3.612836039817137,2.8931280340218866,3.7737975781620223,105
2021-05-16,-2.4348648552672176,2.583337619439452,2.7401985831831928,5.175063438450411,47
2021-05-17,-1.376255723559251,4.078275064427408,2.7538773043308002,4.130133027890049,60
2021-05-18,-2.006981518102472,3.610650791543443,2.3985880302001505,4.405569548302624,111
2021-05-19,-1.4353611099149286,3.0049220814854163,2.575014177258841,4.01037528717377,97
2021-05-21,-1.7247583277263816,3.4729599977819934,2.7521146017456717,4.476872929472052,117
2021-05-22,-0.7536123355189449,2.979912812665118,3.035608341587529,3.789220677106474,90
2021-05-23,-1.1486585824943552,2.486813907673292,2.905183656942998,4.053842239437354,83
2021-05-24,-0.8747546034884977,4.5179273175826955,3.0631607543628774,3.937915357851374,65
2021-05-25,-1.966225414717123,3.2193684045767363,2.511258572464409,4.477483987181532,91
2021-05-26,-1.748452366945903,2.7403767865849247,2.4747880806931946,4.223240447639097,130
2021-05-27,-1.0071996989644871,3.8937804341478888,3.1057221901502605,4.112921889114748,113
2021-05-28,-0.8967280136380734,3.3693003245675817,2.556366226840555,3.4530942404786287,83
2021-05-29,-0.5557264437583667,3.0533045681027873,2.9112306050966446,3.4669570488550105,108
2021-05-30,-0.9735858670630619,3.3806090857694597,3.074063308331582,4.047649175394644,30
2021-05-31,-1.4971860517630369,3.4808821859765375,2.573392670235188,4.070578721998224,46
2021-06-01,-1.1496848479374924,3.1461240949026235,2.823742022522974,3.9734268704604676,83
2021-06-02,-0.9210351872158961,3.205796530981224,2.7130027028506687,3.6340378900665655,113
2021-06-03,-1.1840794796858316,3.4361863114967326,2.701764762567577,3.885844242253408,120
2021-06-04,-1.5086409723841916,3.0666156353400043,2.508175550070507,4.016816522454699,116
2021-06-05,-2.0863980409876186,3.520550510978441,2.623613212576205,4.710011253563821,117
2021-06-06,-0.9853690555940086,3.310806501404923,2.6331256961849343,3.6184947517789396,37
2021-06-08,-1.0517466212675972,2.9904831566054972,2.592579507565612,3.6443261288332094,118
2021-06-09,-1.2866664045706648,2.987622813384524,2.4367299911622613,3.723396395732926,88
2021-06-10,-1.6612680420803922,3.4723018217792014,2.6567261050472744,4.317994147127665,161
2021-06-11,-1.3072295977530677,3.2854321749377386,2.5477212562317133,3.85495085398478,112
2021-06-12,-1.3633095623888989,2.639158140454379,2.663564139274714,4.026873701663612,151
2021-06-13,-1.196071195014602,3.6038870610633356,2.5431635210349812,3.7392347160495816,60
2021-06-14,-1.63315237468041,3.4248943411500417,2.8085499920624932,4.441702366742903,67
2021-06-15,-1.2694416097610928,2.9008802510083616,2.577133880882593,3.8465754906436858,152
2021-06-16,-0.7967303593715063,2.7661889842150833,2.8841335322628927,3.6808638916343988,107
2021-06-17,-1.3391431834501886,2.9643353981309977,2.400810856837092,3.73995404028728,185
2021-06-18,-0.8984030340420386,2.973243084765717,2.6279357988393146,3.526338832881354,151
2021-06-19,-2.179245896549504,2.721495641858004,2.173650650281389,4.352896546830894,109
2021-06-20,-2.7276699407996143,3.440633236273361,2.192703388773496,4.920373329573112,49
2021-06-21,-2.6397566080844035,3.468069691853487,2.0272833159706147,4.66703992405502,53
2021-06-22,-0.8957268104581992,3.1989947831566696,2.95935592733283,3.8550827377910295,99
2021-06-23,-1.4064370119655858,2.9356301987343367,2.400509980553537,3.806946992519124,111
2021-06-24,-0.580417660545637,2.5822644071169196,2.823650389805024,3.4040680503506615,94
2021-08-25,-1.5868783969200766,2.2413958156014764,2.4203308964018473,4.007209293321923,78
2021-08-26,-1.4164058509099344,3.0672375718995335,2.647880473198201,4.064286324108136,92
2021-08-27,-0.7695207743163489,3.6241337290604583,2.782166653103718,3.5516874274200654,73
2021-08-28,-1.341850643705925,2.8445948095452924,2.2654259122238027,3.6072765559297277,73
2021-08-29,-1.5724613246885943,3.040282478118124,2.7010422037273805,4.273503528415977,47
2021-08-31,-1.1988197287627758,3.232792339238032,2.5215708467109335,3.7203905754737097,99
2021-09-01,-1.604419386964659,2.8461372921940953,2.5222697087907218,4.12668909575538,81
2021-09-02,-0.4331738409662608,2.9784894522704883,2.85485560366559,3.288029444631852,51
2021-09-03,-1.6321923720553042,3.6031707736482517,2.890582831495013,4.522775203550316,117
2021-09-04,-0.9253413971104989,2.4363535256785114,2.49322271228958,3.4185641094000774,58
2021-09-05,-1.9272009841450743,3.0571775658141678,2.48509906497301,4.412300049118083,34
2021-09-06,-0.9829598770670945,2.4407569286142605,2.188828434200724,3.171788311267819,42
2021-09-07,-2.1716547771023067,2.5967334428636755,2.678788725474264,4.85044350257657,74
2021-09-09,-1.486209990612158,3.341203516140738,2.660265995953133,4.1464759865652905,80
2021-09-10,-1.35746907188638,3.348806086231327,2.5874484536515996,3.944917525537979,104
2021-10-17,-1.2458383635230605,4.292619059485542,3.121396967062056,4.3672353305851175,64
2021-10-18,-0.9660574673837724,2.4394071476894337,2.6309397963214987,3.5969972637052714,75
2021-10-19,-1.368105306220173,2.782219798129953,2.336575538525964,3.704680844746137,94
2021-10-20,-0.6431949330956205,3.211709110331047,2.789492138585686,3.432687071681306,96
2021-10-22,-1.747336781539726,2.9306441392585967,2.179903705054917,3.9272404865946435,106
2021-10-23,-1.2646064129981627,3.653713776057536,2.7870331978819265,4.051639610880089,118
2021-10-24,-1.0314785580599986,2.9769215664043918,2.5399114683306285,3.571390026390627,24
2021-10-25,-1.2675414563911285,2.6846199898321896,2.923740590055556,4.191282046446683,44
2021-10-26,-2.077313837665694,2.7954168654147784,2.4690851043083843,4.546398941974079,104
2021-10-28,-0.06709764708546051,3.2088287773607562,3.024361754790579,3.09145940187604,119
2021-10-30,-0.5564387787831815,2.9773326933193123,2.8581796031421756,3.414618381925358,90
2021-10-31,-0.32432514105574667,2.9424301602991956,3.444573947134932,3.7688990881906785,46
2021-11-01,0.3458674675020884,2.620340645312383,3.2583768115110345,2.912509344008947,68
2021-11-02,-0.645946545240926,3.9000622533996627,2.9815777288008825,3.627524274041809,137
2021-11-06,-0.9570130822063204,2.9385742203054637,2.638464547236373,3.595477629442693,86
2021-11-07,-0.8926313594227747,2.9812540994554286,2.6404601567884343,3.533091516211208,50
2021-11-08,-1.123275369651514,3.2102022037461126,2.340191083375694,3.463466453027208,66
2021-11-09,-1.6945441084379584,3.06959793085263,2.4857409176655225,4.180285026103481,163
2022-03-14,-2.486294981422068,3.868805258800838,2.7185023045074863,5.204797285929554,246
2022-03-15,-2.1215152675792734,2.855241305344709,2.187227099555455,4.308742367134729,246
2022-03-16,-1.773174865214227,3.113092791304948,2.6600096555077717,4.433184520721998,307
2022-03-18,-2.131520077033153,2.949481500104883,2.451861790692113,4.583381867725266,328
2022-03-19,-1.6581079806103174,2.8435466943534675,2.441533107234727,4.099641087845044,184
2022-03-21,-2.438987059080394,2.929355003757183,2.266689681574345,4.705676740654738,172
2022-03-23,-1.8284002139447937,3.429071594395064,2.493008265322904,4.3214084792676974,183
2022-03-25,-1.9506093132731783,3.391688530356996,2.548628480541024,4.499237793814202,251
2022-03-26,-2.2830517574116036,3.3150679083925167,2.5308482538652757,4.813900011276879,229
2022-03-28,-1.6299009232188657,3.778000111914212,2.6885488111998237,4.318449734418689,138
2022-03-29,-1.3555693041310828,3.4773242185978286,2.800921371796756,4.156490675927839,263
2022-03-30,-1.4266608620035492,3.078092185165414,2.3409163645022275,3.767577226505777,164
2022-03-31,-1.8823074624638108,2.9366974231026868,2.4233283939143684,4.30563585637818,239
2022-04-01,-1.635554266041141,3.077068319380229,2.3214269763038713,3.956981242345013,185
2022-04-02,-1.8351316165610496,3.157184733506915,2.485231649028775,4.320363265589825,198
2022-04-03,-1.7145749121439329,2.9305450321016586,2.5558482323736404,4.270423144517573,96
2022-04-04,-2.010436146587771,4.012840447405087,2.6457274530186834,4.656163599606455,125
2022-04-05,-2.205680519914789,3.771237351296132,2.3674559584658628,4.573136478380651,150
2022-04-06,-3.267240793146232,3.2422052847858773,1.9344387050541176,5.201679498200349,207
2022-04-09,-2.4358526946147183,2.968639384985771,2.1873794597612104,4.623232154375929,153
2022-04-10,-2.104325047995465,2.7849787814026175,2.183077035195138,4.287402083190604,102
2022-04-11,-2.915180587891869,3.607655378161555,2.1539403919742304,5.069120979866098,132
2022-04-12,-2.4264942175758137,3.677025029921773,2.2854475586064713,4.711941776182285,218
2022-04-13,-2.957838192660573,3.5586994628162114,2.201164206370782,5.159002399031355,206
2022-04-14,-2.055825366368206,3.0148713322917,2.1934005606447475,4.2492259270129535,218
2022-04-15,-2.321647501697117,3.509382723450006,2.038285873848996,4.359933375546113,200
2022-04-16,-2.5856577119512596,3.424599730627228,2.1767670499495617,4.762424761900821,128
2022-04-17,-2.95081589002873,3.304212358274174,2.312586611320447,5.2634025013491765,56
2022-04-19,-1.9742317678147252,3.4944419772522344,2.2694958653696,4.243727633184325,178
2022-04-20,-2.0834978524751575,2.716758132155991,2.222253059193916,4.305750911669072,166
2022-04-22,-1.1506733620009617,3.0211611441793544,2.551038093285884,3.7017114552868464,175
2022-04-23,-1.57304096255143,3.146778204903703,2.3351826911125735,3.9082236536640034,149
2022-08-08,-1.408033023606108,3.3944516940069724,2.8336246508244565,4.241657674430562,78
2022-08-09,-1.451392329843702,3.3479597928326466,2.7244198094331753,4.175812139276878,211
2022-08-11,-0.765423109965074,3.4639597349808584,2.5788113691656585,3.344234479130733,191
2022-08-12,-0.9255364371102787,4.0094016199949305,2.833491767576856,3.7590282046871346,182
2022-08-13,-1.3042415948128945,2.860306876930675,2.3889692280022135,3.693210822815108,185
2022-08-15,-1.8166902445167523,3.5262080892762855,2.4694666471074,4.2861568916241515,60
2022-08-16,-0.787455587105372,2.7353918553217746,2.4174267921216,3.204882379226972,158
2022-08-17,-0.9314027440191484,2.824042110983626,2.4402441199659717,3.37164686398512,172
2022-08-18,-1.389695358895942,2.9973523636342745,2.4984266633126557,3.8881220222085973,123
2022-08-19,-1.3816726478482642,3.5720281976116497,2.5617652972799356,3.9434379451281982,119
2022-08-20,-0.5458643728850894,3.2214417809600002,2.8031504159715346,3.3490147888566235,106
2022-08-22,-2.0730099205038384,3.7757083498569344,2.514233801137837,4.587243721641674,77
2022-08-23,-0.9901790541221335,2.954984079976421,2.6562710670939804,3.6464501212161133,139
2022-08-24,-1.0614280405822987,2.825720516415152,2.8067919523826923,3.868219992964991,159
2022-08-25,-1.9100269367771645,3.209380366170736,2.6136987726981746,4.52372570947534,190
2022-08-26,-1.2423409780178036,3.6361937977955505,2.798510195428752,4.040851173446557,158
2022-08-28,-2.3982512883913287,2.800068289346226,2.2008359578220724,4.599087246213402,39
2022-08-29,-1.8800541619703683,3.092555420740698,2.4441289199054617,4.32418308187583,78
2022-08-30,-1.466226988776397,3.108905080799382,2.3740290133646638,3.840256002141061,119
2022-09-06,-1.6459554025893126,3.185537930364333,2.276051164445949,3.9220065670352624,92
2022-09-07,-1.1439085134622389,2.552940440634441,2.6201461427069157,3.7640546561691535,161
2022-09-08,-0.6944760741843858,3.5874263740253673,2.8774767929161973,3.5719528671005825,146
2022-09-10,-0.8876660941057196,2.690537825345055,2.566500447290648,3.4541665413963676,120
2022-09-12,-3.242220786778856,3.266405459161741,1.935726463517952,5.177947250296807,44
2022-10-28,-1.1509851001458258,2.8940924983456267,2.4403126168392144,3.5912977169850406,159
2022-10-29,-2.0143333642058563,3.2666791890572364,2.376613992122019,4.390947356327876,114
2022-10-31,-0.7373283890696732,3.608431007082636,2.9808291802597173,3.718157569329391,79
2022-11-01,-1.3419587927772905,3.082145524452007,2.5355952376017,3.8775540303789913,131
2022-11-02,-1.2340664760146645,2.6789624135109324,2.4144478677157992,3.6485143437304632,155
2022-11-03,-1.7765726293880337,2.816025658502723,2.2051828694137643,3.9817554988017974,200
2022-11-04,-0.9915523793252157,2.954019156202125,2.7131129004734635,3.704665279798679,139
2022-11-06,-2.3174841915769546,3.01056097042472,2.7217906304075785,5.03927482198453,79
2022-11-07,-1.137368340987921,3.2217537917440966,2.7467774276759203,3.8841457686638416,94
2022-11-09,-1.171613743352287,2.856913067229879,2.5022968353630874,3.673910578715374,190
2022-11-10,-1.7945464484864386,3.014030239700996,2.6844600889104857,4.479006537396925,156
2022-11-12,-1.3188616913939126,3.16947373147135,2.6169919845220737,3.9358536759159857,124
2022-11-13,-1.6143726134668246,2.7645910228857202,2.730993463193618,4.345366076660443,58
2022-11-14,-1.3768667858883439,2.921586518492114,2.328911678270302,3.7057784641586444,92
2022-11-15,-0.8754836145656604,2.912417467312726,2.509649021807739,3.3851326363734,149
2022-11-16,-2.0606968107985315,3.160098992553348,2.4197710006394604,4.480467811437991,232
2023-02-13,-2.093872984341005,2.8969453932873126,2.1697828011512614,4.263655785492266,95
2023-02-14,-0.978444664295804,2.55435474048107,2.721540309727474,3.6999849740232773,136
2023-02-15,-0.3610139471872791,2.7148361963086067,2.763879359288858,3.1248933064761366,160
2023-02-16,-1.1699631368157368,3.799853638038527,2.7178138600756134,3.8877769968913496,138
2023-03-06,-0.0102763095266785,3.837194723500961,3.2405005949165355,3.250776904443214,87
2023-03-07,-1.8127343059738668,2.9167423571226467,2.5611607995625745,4.373895105536442,132
2023-03-08,-1.1787255318604952,3.266789209354263,2.4704654271284867,3.649190958988981,138
2023-03-10,-1.1932593188219254,3.470464668162939,2.4444954909399343,3.63775480976186,143
2023-03-11,-1.7030412579973864,3.267898664109299,2.5433323040126443,4.246373562010031,144
2023-03-12,-1.829524996855445,3.1612909335553754,2.4383941404454905,4.267919137300935,60
2023-03-13,-1.2380763283001577,3.3694445301727938,2.740595874075348,3.978672202375505,88
2023-05-01,-1.5157751453520176,2.8824982005629667,2.4535803566492267,3.9693555020012457,200
2023-05-02,-1.00901629098972,2.9257018762631604,2.5761878059344077,3.5852040969241283,192
2023-05-03,-0.599575200985161,2.993304327544564,2.783500223518989,3.3830754245041508,270
2023-05-04,-0.955172879415709,3.5733113044607223,2.497713796324181,3.4528866757398897,229
2023-05-05,-1.1791297929192408,3.6829269794832915,2.771742484780632,3.950872277699873,180
2023-05-06,-0.9897405172026025,3.8486795589889797,2.7555918228975007,3.745332340100103,157
2023-05-07,-1.3449875507808027,3.450281547457038,2.6505857946518723,3.9955733454326747,111
2023-05-08,-0.934371938892256,3.6236539369347773,2.8675160358540577,3.801887974746312,100
2023-05-09,-1.3456299469217081,2.87526101813445,2.6941100171832617,4.039739964104971,225
2023-05-10,-0.9977261009666526,2.917291058260383,2.7389512153150473,3.7366773162816997,197
2023-05-11,-1.4843887840299765,3.2135558360960013,2.113438662963595,3.5978274469935716,262
2023-05-12,-0.7183183818388509,3.0491864591520867,2.6841330365772587,3.4024514184161094,237
2023-05-13,-0.8814410755016495,3.539254620973007,2.665056642639606,3.5464977181412554,137
2023-05-14,-0.6227761216611308,3.5962306027647353,2.996720588798,3.619496710459129,114
2023-05-15,-0.816729438130573,2.9339483385509126,2.7090245120101497,3.5257539501407216,121
2023-05-16,-1.4514186093853692,2.8532133798874066,2.502909400586987,3.9543280099723566,227
2023-05-17,-1.4942009399800364,3.1989453649928943,2.4856667268033203,3.9798676667833566,258
2023-05-18,-0.743040601953332,3.3764835160382467,2.878937217055891,3.6219778190092233,212
2023-05-19,-1.0789444763211538,2.963241374444013,2.464101207333047,3.5430456836542015,220
2023-05-20,-1.2828989043279584,2.976333865377824,2.608366297406344,3.891265201734302,219
2023-05-21,-1.960165967516863,3.5516963298471063,2.8397628706686446,4.799928838185507,97
2023-05-22,-0.4410981855928378,3.1756343041179513,2.6954929756539308,3.136591161246769,158
2023-05-23,-1.0103588306568243,3.0981539658803934,2.84293140706991,3.853290237726734,205
2023-05-24,-1.1252375305196625,3.381631450133475,2.7519094423774453,3.877146972897107,193
2023-05-25,-1.0151906141924476,3.4724903782158534,2.7920295833095996,3.807220197502048,200
2023-05-26,-0.45281875176615033,3.2687267262490916,2.9299984451517536,3.382817196917904,181
2023-05-27,-0.9661418867858849,3.3013024321516675,2.658052272945989,3.6241941597318754,131
2023-05-28,0.0639369588080398,3.490252385488345,3.252457435886396,3.188520477078356,110
2023-05-29,-1.2149018036151693,3.1258870088647277,2.986347969337671,4.20124977295284,104
2023-05-30,-1.28286512220905,2.8450800108040517,2.5484487968975023,3.831313919106551,148
2023-05-31,-1.1615237409870498,3.319513654775793,2.641647732120331,3.8031714731073807,200
2023-06-01,-1.2814606551760628,2.533227770084523,2.4686540993456125,3.750114754521675,202
2023-06-02,-0.9644932546080737,3.3668490999950387,2.5975226715930364,3.56201592620111,170
2023-06-03,-0.9433391494776361,3.53795749509236,2.7840482421556976,3.727387391633334,173
2023-06-04,-1.123100979564346,3.784688524567405,3.213755149010051,4.336856128574397,106
2023-06-05,-1.143075618580639,2.7376308964153333,2.4198802292337525,3.5629558478143926,83
2023-06-06,-1.7156992739957964,3.2693099936637178,2.5135766669857524,4.229275940981547,284
2023-06-07,-1.3739510832282888,3.292306313156841,2.418994314950914,3.7929453981792034,197
2023-06-08,-1.3258790578538817,3.2197408641168717,2.5582930800000154,3.884172137853897,211
2023-06-09,-0.8111791156896552,3.067656322729763,2.5834811708319356,3.394660286521591,175
2023-06-10,-0.7686984099818712,3.320731578397443,2.927562123720985,3.6962605337028562,156
2023-06-11,-1.2217524861878375,2.580299419797659,2.315922718613256,3.537675204801094,79
2023-06-12,-2.158074244493577,3.3517382357797243,2.4624643665267496,4.620538611020328,98
2023-06-16,-0.949949520656908,3.3204646559829794,2.610230956721591,3.5601804773784993,212
2023-06-17,-0.9709355726246314,2.908669471065252,2.440464081392269,3.411399654016901,208
2023-06-26,-1.209364250477293,3.4311806788177797,2.9334565794209193,4.142820829898212,104
2023-06-27,-1.0847083722559736,3.353564151971131,2.5558883104111634,3.640596682667137,289
2023-06-28,-0.6435853479476912,3.122767702964257,2.702179930674991,3.345765278622681,169
2023-06-29,-1.1027179521787485,3.3890124610581887,2.7225399090004476,3.825257861179195,197
2023-06-30,-1.351873320710689,3.4410389941464197,2.4360798277600706,3.78795314847076,167
2023-07-01,0.0525721524383655,3.5595575418290593,3.294467422099051,3.2418952696606858,143
2023-07-02,-1.5185838771976763,3.1969471103278324,2.6118884815474925,4.130472358745169,105
2023-07-03,-1.4713666419000595,3.47417268219846,2.276184635238186,3.7475512771382458,89
2023-07-04,-1.184785474153923,2.993227858332258,2.615470678534446,3.8002561526883687,190
2023-07-05,-1.178555729461084,2.957241583081668,2.3565199094201814,3.5350756388812647,154
2023-07-06,-1.6897188807043555,3.5719390240444806,2.32411075573573,4.013829636440086,202
2023-07-07,-1.3619655852827195,3.5317220424900753,2.643041545557815,4.005007130840535,178
2023-07-08,-1.8451756740102372,2.90896991986362,2.3617216593263644,4.206897333336602,211
2023-07-09,-0.6978405600684753,3.146113791985414,2.7977410966433127,3.4955816567117894,91
2023-07-10,-1.346823084333739,2.9142324479161696,2.535811191111798,3.882634275445537,92
2023-07-11,-0.9714225837979986,3.340742381670986,2.6629326736204333,3.634355257418432,212
2023-07-12,-1.2413242322226024,3.291203501402157,2.7046461238728825,3.945970356095485,186
2023-07-13,-0.5137520385428892,2.8550578426811337,2.6839588773855954,3.1977109159284844,308
2023-07-14,-0.995839425485273,3.5114573941730973,2.6335769772032354,3.629416402688509,298
2023-07-15,-0.3775788463873187,2.880694522643281,2.762870275620688,3.1404491220080075,143
2023-07-16,-0.2086928164755771,3.58711863553508,3.4859318305778695,3.694624647053447,107
2023-07-17,-1.1938745443384322,3.532812028728135,2.7920219732183233,3.985896517556758,132
2023-07-18,-1.1009552537110825,3.466585990804392,2.5510484833391835,3.6520037370502663,210
2023-07-19,-1.2784378452338006,3.299518571808318,2.545061230301937,3.8234990755357368,164
2023-07-20,-1.3559026329704196,2.6599221403481383,2.285893196737617,3.6417958297080375,162
2023-07-21,-1.1840585499430538,2.797304921695436,2.369013319965584,3.553071869908639,175
2023-07-22,-1.048940231658977,2.9121917160256348,2.5188713545370134,3.5678115861959907,210
2023-07-23,-2.202070977627762,3.5488339852261865,2.331552280043652,4.5336232576714135,75
2023-07-24,-0.4713008044578273,2.7055982782473262,2.829789319195958,3.3010901236537853,99
2023-07-25,-0.7687045829640277,2.798963538053457,2.8154047749411637,3.584109357905192,142
2023-07-26,-1.6962370184846,3.067145011963216,2.4888994062648013,4.185136424749402,165
2023-10-08,-1.4424985336562135,4.571568956148456,3.0931403035735343,4.535638837229747,61
2023-10-09,-1.4555436533934345,3.899547981825111,3.160331753962231,4.615875407355667,86
2023-10-10,-1.0322408630722475,3.1503994553496715,2.6970935679281145,3.7293344310003618,142
2023-10-11,-1.3827337154264103,3.266269193028732,2.5058724161836285,3.888606131610038,161
2023-10-13,-1.1383977369170284,3.373389596234658,2.59228856700732,3.730686303924348,172
2023-10-14,-1.5669250177355938,3.2895847365285698,2.4880066745370706,4.054931692272664,148
2023-10-16,-0.5535169227973188,3.1837363632884492,2.866392490423285,3.419909413220604,102
2023-10-17,-1.4014465074324771,3.43742020163335,2.618155580605324,4.019602088037802,176
2023-10-18,-1.614635310170538,3.438054291550958,2.5668833726494213,4.181518682819958,164
2023-10-19,-1.1673783110323457,3.1807135007742664,2.480637152561942,3.6480154635942874,223
2023-10-20,-0.8307363574152054,3.592777086710631,2.884786743509612,3.7155231009248175,174
2023-10-21,-1.0795123384336374,3.58933161781384,2.701603108867382,3.781115447301019,165
2023-10-22,-1.1844118228675975,3.3267778021625607,3.1608430376720125,4.34525486053961,95
2023-10-23,-0.1227781936734415,2.51551743429939,2.8533342124051586,2.9761124060785993,86
2023-10-24,-1.2420863107619464,3.116831930044586,2.663483179949292,3.9055694907112377,127
2023-10-25,-1.0145692517858806,3.1296198496034595,2.5754339781760054,3.5900032299618863,183
2023-10-26,-0.6628679356712783,3.2674441031519517,2.770280349244872,3.43314828491615,190
2023-10-27,-1.2889480392926502,3.1257517669978494,2.675606989950502,3.9645550292431526,162
2023-10-28,-1.139886122804595,2.923470497221206,2.6407505451501616,3.780636667954756,143
2023-10-29,-1.1844356647104135,3.2221708037297416,2.3825051797264116,3.5669408444368256,75
2023-10-30,-1.3014975624676783,3.6866343770111496,2.713493564805914,4.014991127273592,74
2023-10-31,-1.077806932014502,3.391264379191916,2.6481666367329963,3.725973568747498,179
2023-11-01,-0.7083286541486222,3.5339109903068477,2.8766428601530816,3.584971514301704,181
2023-11-02,-0.5490537338908279,2.974542192204097,2.683219162413069,3.232272896303898,227
2023-11-03,-0.9858314047922134,2.7453212909906273,2.673781238378722,3.659612643170936,214
2023-11-04,-2.138739910643647,3.769039873907806,2.222793308499112,4.361533219142758,155
2023-11-05,-0.527356386602767,2.6077955196510425,2.648021296099687,3.1753776827024534,97
2023-11-06,-0.7994919619129196,3.09483191443638,2.603974061148488,3.4034660230614078,78
2023-11-07,-1.3234051923270256,3.0226593588089528,2.420362125077575,3.7437673174046004,221
2023-11-08,-0.6981855869776588,3.282057480933446,2.9435975355289252,3.641783122506586,219
2023-11-09,-0.5719150644214155,3.149864981212014,2.832000103629916,3.40391516805133,172
2023-11-10,-0.8064126483291093,3.2948692160850515,2.5720858645694262,3.3784985128985356,189
2023-11-11,-1.2248610102555073,3.2158749316541253,2.571889524028712,3.796750534284218,150
2023-11-12,-0.8509080360499652,4.15500879493646,3.1893628364255564,4.04027087247552,72
2023-11-13,-0.3760567008073434,2.8647572565322523,2.9432988504779374,3.3193555512852804,103
2023-11-14,-0.12476850648204332,3.6003346086537054,2.864111160218348,2.9888796667003916,147
2023-11-15,-0.7609630347380897,2.8737550231743,2.8932815790681192,3.6542446138062097,184
2023-11-16,-1.097263704566856,2.8907865311193617,2.673274249729945,3.770537954296802,233
2023-11-17,-0.3910691681053092,3.5039272298979998,2.9377632838190006,3.32883245192431,233
2023-11-18,-0.5816124356576818,3.439756930582479,2.8716359977671724,3.4532484334248545,133
2023-11-19,0.11551117598192291,3.6078385234263153,3.1682662890767794,3.0527551130948574,38
2023-11-20,0.19804271018003358,2.958990106466452,3.5049296951675175,3.306886984987486,87
2023-11-21,-0.34986895823248604,3.2606846919506407,3.183860795663853,3.5337297538963406,173
2023-11-22,-0.9795947091322484,3.118093960708578,2.787404793668143,3.7669995028003913,212
2023-12-01,-0.6836692251347761,3.5587597262257993,2.579049024378831,3.2627182495136062,174
2023-12-02,-0.6387561315656411,2.9856295448680648,2.3130226979929556,2.951778829558597,94
2023-12-03,-2.1121966794308875,3.553575309477583,2.3554134601941747,4.467610139625063,69
2023-12-05,-0.3833054750216381,4.031513401191996,3.232117881441451,3.615423356463089,141
2023-12-06,-0.7636723605770639,2.9541047514231744,2.563593731839391,3.3272660924164534,154
2023-12-07,-0.7077642149111464,3.2371962975932527,2.972092369017557,3.679856583928704,203
2023-12-08,-0.9655568359673624,3.290072101831301,2.5257322795089094,3.49128911547627,133
2023-12-09,-1.4636415539292509,3.448896065036419,2.6365334265732936,4.100174980502546,152
2023-12-10,-1.7432527057202027,3.43012281970287,2.254493360617409,3.997746066337611,66
2023-12-11,-1.921830887489685,2.686208782135865,2.3833598099429287,4.305190697432614,108
2024-04-12,-0.6390488629569325,2.659627835724228,2.8211061860063316,3.4601550489632644,222
2024-04-13,-1.5835022737185187,3.2605365199080354,2.5838556955494028,4.167357969267921,143
2024-04-14,-1.8405874470144443,3.930733103266806,2.7148069343146517,4.555394381329096,145
2024-04-15,-1.5632161300514615,4.061254539236782,2.8613105326825465,4.424526662734008,94
2024-04-16,-1.9181650580938967,3.1639606455494653,2.532707353044868,4.450872411138764,153
2024-04-17,-0.97002436100373,3.6172320382841794,2.7883072289414774,3.758331589945208,184
2024-04-18,-0.5924807091038631,3.639112219570516,2.966583476528313,3.559064185632176,144
2024-04-19,-1.6311434942601883,2.694554074091181,2.4022472224600206,4.033390716720209,189
2024-07-14,-0.0375086042006229,3.513194069030372,3.074523204226464,3.112031808427089,65
2024-07-15,0.010778939690083,4.61937386984189,3.5729496969672176,3.5621707572771344,80
2024-07-16,-0.6463232246023791,2.928723337382968,2.9777896057925735,3.6241128303949535,149
2024-07-17,-0.6166485101072383,3.277488635582315,3.2161530177244684,3.8328015278317062,137
2024-07-18,-1.1743354343677253,3.143196813855661,2.609928514745055,3.784263949112781,131
2024-07-19,-0.4591054943510524,2.9016085497463866,2.928032628195892,3.3871381225469452,121
2024-07-20,-0.4934494650686167,3.1601421367743736,2.79739894584439,3.2908484109130076,100
2024-07-21,-1.856608393199242,3.592223617431777,2.8950691676807665,4.751677560880013,48
2024-07-22,-1.1967115172598104,3.672013807581013,2.790483254208805,3.987194771468615,98
2024-07-23,-1.2190405832173097,3.3901162518113184,2.6291992063543312,3.848239789571642,113
2024-07-24,-1.0327695601780744,3.243388943231142,2.705048245226488,3.737817805404562,127
2024-07-25,-1.066843668357056,3.4069933373170582,2.656966951674018,3.723810620031075,121
2024-07-26,-0.4154494136564885,2.9163466564412417,2.6875008577610995,3.102950271417588,100
2024-07-27,-1.8597453102560757,3.911205064901189,2.6712595317763803,4.5310048420324565,134
2024-07-28,0.3112226688885421,3.1207918268007666,2.889264315917411,2.578041647028869,95
2024-07-29,-0.3746765921196538,2.775154851118144,3.3717437728224326,3.7464203649420864,125
2024-07-30,-1.322723999569964,3.3425759050451394,2.4487449610794667,3.771468960649431,166
2024-07-31,-0.7236097262816028,3.1365280936778603,2.955268958425304,3.678878684706906,193
2024-08-01,-1.0180890285937043,3.2566264193933794,2.5115673845661495,3.529656413159854,167
2024-08-02,-1.6118633619168072,3.5146697009206456,2.75439114061389,4.366254502530697,177
2024-08-03,-0.8534761095572766,2.8237639515441204,2.6680425505910557,3.521518660148332,136
2024-08-04,1.2090922812587162,6.806574459316695,4.460276662672966,3.251184381414248,52
2024-08-05,-0.2760372892933151,3.702802202447222,2.9416614600188544,3.217698749312169,70
2024-08-06,-1.946144064978365,3.988620902329354,2.6588101396980863,4.604954204676452,108
2024-08-07,-0.4641577115377062,3.551738037026256,2.897235311066738,3.3613930226044446,199
2024-08-08,-0.1900627114785051,3.5328439551995388,3.1299970209620867,3.320059732440592,171
2024-08-09,-0.193735153472052,3.409260211123424,2.862957218120139,3.0566923715921916,155
2024-08-10,-2.049854354692737,3.558259605517105,2.239967407121734,4.28982176181447,115
2024-08-11,-0.821603456727817,3.5725244206752267,2.584814275854518,3.4064177325823364,89
2024-08-12,-1.7496435728983082,3.5144021174153375,2.328090526363685,4.077734099261993,69
2024-08-13,-1.185147078184674,3.74380209519621,2.5148478466115143,3.699994924796188,151
2024-08-14,-0.5886953275486737,3.469335839533819,2.8196568012423535,3.408352128791027,141
2024-08-15,-0.977219602627558,3.0610181173921656,2.647893318146707,3.6251129207742654,208
2024-08-16,-0.9032745744787556,3.0639722861403156,2.775865641603126,3.6791402160818816,168
2024-08-17,-0.7255987110011104,3.4266618053496343,2.9304719845281793,3.656070695529289,99
2024-08-18,-0.3834144028833238,3.0590047164548277,2.845556986331625,3.228971389214949,167
2024-08-19,-0.6939548863689748,3.3851917160013154,3.0797151565462477,3.7736700429152226,109
2025-01-01,-1.2880591418580296,3.4885245028054057,2.866325070232156,4.154384212090186,91
2025-01-02,1.1163158566754492,4.1731563552955215,4.250173697776623,3.133857841101174,40
2025-01-03,-0.2552006793272124,3.7878277690050375,3.0413482077394525,3.296548887066664,112
2025-01-04,-0.8743358738337018,3.382017729108146,2.8565902555015525,3.730926129335254,125
2025-01-05,-2.0176175688219273,3.5300369325739505,2.322793675856806,4.340411244678732,41
2025-01-06,-0.1361774653298269,2.9644683077216647,3.011559119374658,3.147736584704486,67
2025-01-07,-0.7183399719518907,3.5927008928247535,3.228836512310201,3.947176484262091,143
2025-01-08,-0.2319368344581049,3.4753865813657643,3.2412383994919165,3.473175233950021,155
2025-01-09,-1.2288119030121871,3.3330112331220203,2.846019276516479,4.074831179528666,146
2025-01-10,-1.0100108497948368,3.4952289749996455,3.0784419612628553,4.088452811057691,149
2025-01-12,-1.4492651464887574,3.303798507971556,2.7742521762513803,4.223517322740138,68
2025-01-13,0.1192557165184589,3.5631898746211577,3.445785727550878,3.326530011032417,58
2025-01-14,-1.9941093264359029,3.0350275959673816,2.970223881533536,4.964333207969439,143
2025-01-15,-0.7171983026974554,3.4879292368428256,3.0804575037965676,3.797655806494022,142
2025-01-16,-1.3877069549746175,3.4023059610077375,2.8762400157441697,4.263946970718788,177
2025-01-17,-0.8501147497078059,3.310133941747119,3.078622011475266,3.928736761183071,173
2025-01-18,-1.0788041042061296,2.9780689015775788,2.6276785327911973,3.706482636997325,147
2025-01-19,-0.8264570589133621,2.9900248700769474,2.9396687384131845,3.7661257973265463,78
2025-01-20,-0.98730427901935,3.4048496424457473,3.0443560231668028,4.031660302186152,52
2025-01-21,-0.3329122699176361,2.957913174690647,3.183396752689174,3.5163090226068108,155
2025-01-22,-0.4835366462445879,3.406835854053239,3.0773776525017436,3.5609142987463316,160
2025-01-23,-0.8147932546560462,3.748804117486749,3.11931489270987,3.934108147365915,125
2025-01-24,-1.192079169384165,4.480428098975511,3.0406782451097643,4.23275741449393,117
2025-01-25,-1.5185484204210715,3.524902231249377,2.517110926553433,4.035659346974506,120
2025-01-26,-1.982673305022974,3.3125483228666464,2.7743488676553243,4.757022172678299,47
2025-01-27,-1.4676349906387116,3.08254657354242,3.2021142223234653,4.669749212962177,87
2025-01-28,-1.4703548552880057,3.084890467043431,2.656616589655031,4.126971444943036,180
2025-01-29,-0.4436505351253624,3.36826229622634,3.026806043677632,3.4704565788029953,137
2025-01-30,-1.776442970382217,3.2503176651471133,2.6629931515986183,4.439436121980837,203
2025-01-31,-0.7641250939708006,3.7051956087953366,2.9658873201008533,3.730012414071653,199
2025-02-01,-1.445139018066154,2.7719936052485568,2.599900514907044,4.045039532973198,171
2025-02-02,-2.0744094479368664,2.5456489012009507,2.329869884211477,4.404279332148344,83
2025-02-03,-1.3836314438195871,4.083935254119549,2.646744240315015,4.030375684134603,80
2025-02-04,-0.9334261041629394,2.99921532214047,2.641333018561335,3.574759122724275,173
2025-02-05,-1.8670537265633451,3.914697886047721,2.547288384413952,4.414342110977298,125
2025-02-06,0.4094372226952437,4.110453484056992,3.5604086589297546,3.150971436234511,184
2025-02-07,-1.5641657627647132,3.916728821531646,2.650486346024322,4.214652108789037,137
2025-02-08,-0.0143617604513727,3.370135912189001,3.2902047824698153,3.3045665429211875,117
2025-02-09,-0.6759473863223749,3.577750082240669,2.960746805453065,3.63669419177544,61
2025-02-10,-2.734254557258318,4.135441344086981,2.796702316230804,5.530956873489122,70
2025-02-11,-0.6553071322493613,2.6231058704406123,2.620093563950428,3.2754006961997892,128
2025-02-12,-1.229008679868729,2.6878175780795046,2.4301119207744577,3.6591206006431864,178
2025-02-13,-0.6804778235895236,3.36258519813762,2.870649843334521,3.5511276669240446,168
2025-02-14,-1.3603139113566818,3.0476666041667873,2.7097837116353274,4.07009762299201,153
2025-02-15,-0.953394048412652,2.8880588194503303,2.9463493337640383,3.89974338217669,132
2025-02-16,-1.1043911246067952,2.8146704149984973,2.599988213161091,3.7043793377678873,85
2025-02-17,-0.4173773734263382,3.3344156200004975,3.1078061329135003,3.525183506339839,125
2025-02-18,-1.2570332297319269,2.517029147026368,2.525395420823997,3.782428650555924,111
2025-02-19,-0.7842906875937888,2.9159353157633365,2.883186059598746,3.6674767471925342,164
2025-02-20,-0.9288908509216924,2.947039803640403,2.7055576987585592,3.634448549680252,193
2025-02-21,-1.0541807965076289,3.232028545411832,2.784972334946739,3.839153131454368,201
2025-02-22,-1.3174511193207414,3.1240981856080516,2.6134876896108876,3.9309388089316295,122
2025-02-23,-0.5930990454562922,2.8906026759556314,2.850280733352718,3.4433797788090095,92
2025-02-24,-0.738683276660138,2.8048279012875885,2.8501348407769744,3.588818117437111,86
2025-02-25,-0.909463621579836,3.3866442009896907,3.127480897329144,4.03694451890898,252
2025-02-26,-0.5542775010769309,2.9343373260404437,2.907972613110224,3.462250114187155,153
2025-02-27,-0.2637205355977354,2.9692622906817054,3.12994450626496,3.3936650418626964,148
2025-02-28,-0.2255578285190041,3.1264680542891607,2.7144323432197255,2.93999017173873,243
2025-03-01,-0.6944405804158104,2.6347028488620796,3.3657791227604945,4.060219703176306,220
2025-03-02,0.0768791079252356,2.761346704584151,3.603536075603451,3.526656967678216,84
2025-03-03,0.383612141576644,2.7305158359655946,3.5010217385508944,3.11740959697425,129
2025-03-04,-1.0433184613801296,2.6308411411564943,2.635805983306999,3.679124444687129,209
2025-03-05,-1.167447841466734,3.014569538340611,2.7092333753926754,3.8766812168594096,214
2025-03-06,-1.323640373702462,3.010905324754033,2.625895639088504,3.9495360127909658,170
2025-03-07,-1.3390562857853028,2.8773306645008874,2.796138212664016,4.1351944984493185,197
2025-03-08,-1.3437523440709902,3.2594180415060228,2.6034751389847948,3.9472274830557854,128
2025-03-09,-2.208353631132044,4.438297527187556,2.699992021115274,4.908345652247318,74
2025-03-10,-0.8965217438191734,3.109821926784056,2.582901957465012,3.4794237012841847,69
2025-03-11,-1.7352753097988365,3.142885172666496,2.3990625580483336,4.1343378678471705,168
2025-03-12,-1.173493860020398,3.026788377072428,2.8241564548373104,3.997650314857709,127
2025-03-13,-0.9273355049409692,3.0689989161302194,2.5798349863504915,3.5071704912914616,128
2025-03-14,-0.471029165686168,3.9318115518003496,3.3515658197816065,3.8225949854677745,151
2025-03-15,-1.3798677486299906,3.0637363219103424,2.83254011375427,4.21240786238426,172
2025-03-16,-0.7616399543523724,3.1775721338434946,3.172908234042493,3.9345481883948654,50
2025-03-17,-1.012913132010576,2.721698317672528,2.7762654676824283,3.789178599693004,53
2025-03-18,-0.7744589127201175,3.705981356558829,3.1663856360104954,3.940844548730613,166
2025-03-19,-0.9990817147344968,2.7037857928463307,2.630952224496449,3.630033939230946,192
2025-03-20,-0.9270571498596248,3.78545709100965,3.0013640996510795,3.928421249510704,146
2025-03-21,-0.4774618223630433,3.0297729639503848,2.704383980758468,3.181845803121511,163
2025-03-22,-0.2160679739965003,3.1822487590571655,3.056277010273436,3.2723449842699366,88
2025-03-23,-1.4046172725551331,3.067994259367914,2.413804999902604,3.8184222724577377,41
2025-03-24,-1.2955099405868509,3.88327740089844,2.9760587581509386,4.271568698737786,51
2025-03-25,0.2150842624860899,3.996864666171776,3.539197539884079,3.324113277397988,164
2025-03-26,-1.7775507100989938,3.325545204605198,2.678034977033435,4.4555856871324275,177
2025-03-27,-1.3403131057674011,3.5571725663512885,2.7429789305818373,4.083292036349238,180
2025-03-28,-0.2132697319792553,2.686009747168969,2.8377651638715635,3.0510348958508176,145
2025-03-29,-2.0334563054017227,4.3965263413259255,2.5867392418793953,4.620195547281119,116
2025-03-30,-1.745718646314932,3.1374787574660084,2.300872523525957,4.04659116984089,53
2025-03-31,-1.1087310278383613,2.619866769581911,2.814033000402412,3.922764028240773,120
2025-04-01,-1.6982978715602213,2.5858293188996555,2.193434851190996,3.8917327227512177,144
2025-04-02,-0.5653405916610864,2.9410952019669834,3.0619455851902844,3.62728617685137,135
2025-04-03,-1.0663253105874313,2.8400858846336834,2.7268015700486368,3.793126880636067,174
2025-04-04,-0.7332772946018137,2.9114862789534106,2.743430543006654,3.476707837608468,131
2025-04-05,-1.766917408297939,2.796995469356724,2.43907592145131,4.205993329749249,146
2025-04-06,-0.6004353162599798,4.902593268827974,3.3660930399329363,3.9665283561929168,50
2025-04-07,-1.265344908434211,2.6127545871393925,2.712814683486344,3.978159591920553,39
2025-04-08,-1.893881123362497,3.074514746239852,2.2522490852862456,4.146130208648743,111
2025-04-09,0.0801477967292402,3.8318497531400846,3.0812546895980217,3.0011068928687816,103
2025-04-10,-0.4475641749766161,3.1938460356389085,3.1544804355428937,3.6020446105195094,129
2025-04-11,-0.7901056842986871,3.174417252436397,2.804489407151444,3.5945950914501306,100
2025-04-12,-1.0748215232523513,2.7134534703815336,2.697162100892038,3.7719836241443887,107
2025-04-13,-0.3224060051261146,2.6882145134285342,2.79052027736573,3.1129262824918436,40
2025-04-14,-1.6132305195236123,2.74760556173823,2.3202097795820587,3.9334402991056714,65
2025-04-15,-0.8257134973551189,4.094864764234353,2.7424223870521653,3.5681358844072837,123
2025-04-16,-1.3012956652744472,3.1832699922159193,2.7396195724827788,4.040915237757225,186
2025-04-17,-0.8461066316787048,3.0720773897075815,2.714636978193066,3.560743609871772,155
2025-04-18,-0.1184490517659772,4.001788759549755,3.644941722018288,3.76339077378427,130
2025-04-19,-2.1202602502791006,3.0488011914225424,2.6356009504000664,4.755861200679168,75
2025-04-20,-1.2115086000053383,3.193732163572713,3.0034728179759433,4.2149814179812815,81
2025-04-21,-0.1324825910743885,3.014329306527975,3.001539977742573,3.13402256881696,63
2025-04-22,-1.5843266609865578,3.6477665582746135,2.842369907538304,4.426696568524861,95
2025-04-23,-1.2026613649777878,3.5444678796050764,2.3765363346825494,3.579197699660336,158
2025-04-24,-1.909223213540827,2.82574698002483,2.524654567489388,4.433877781030215,111
2025-04-25,-0.5709893389820389,2.89159650752383,3.0119549937268806,3.5829443327089208,99
2025-04-26,-1.4337231644756256,2.948483410937076,2.668597791514014,4.102320955989639,99
2025-04-27,-1.155336942044254,4.423396184426205,2.8895535028059416,4.044890444850198,40
2025-04-28,-0.0535438444253947,4.328127294243444,3.277753532687188,3.331297377112582,71
2025-04-29,-1.2759751105790385,3.401989366387505,2.856057994958647,4.132033105537686,127
2025-04-30,-0.5730549508290214,3.5523537593240766,2.85946114490936,3.432516095738381,104
2025-05-01,-0.510186921648031,3.7445537699048184,3.2820951150361117,3.792282036684143,130
2025-05-02,-1.4443681632071377,2.7305871654878446,2.734249600710972,4.178617763918108,91
2025-05-03,0.2087975091782736,3.146471650076113,3.2298603338211604,3.021062824642887,118
2025-05-04,0.33063536792415466,3.1321496186407094,3.4784200931290856,3.147784725204931,70
2025-05-05,-1.095072252348566,2.238737901708606,2.8076676944656773,3.902739946814243,82
2025-05-06,0.36360632653482744,3.786647760182006,3.8414751669529936,3.477868840418166,163
2025-05-07,-0.6462188839868921,3.474052609745475,3.009517562749757,3.6557364467366487,133
2025-05-08,-0.7111009263230582,3.4854248517809676,3.0260000142464865,3.737100940569545,147
2025-05-09,-0.275276996992421,3.2363070486879653,3.2597161656618288,3.5349931626542492,108
2025-05-10,-0.43701514003317066,3.2288253146868673,3.224657113256787,3.661672253289958,92
2025-05-11,-1.7852794600666977,2.794068797974368,2.6811006293419535,4.46638008940865,36
2025-05-12,-0.774964050116921,2.8571012278135277,2.5014994072212624,3.276463457338182,66
2025-05-13,-1.1777489072004723,2.595513129360297,2.5571549338345405,3.7349038410350133,119
2025-05-14,-0.21902795585253687,3.3749817771389132,3.0995486263443617,3.318576582196899,145
2025-05-15,-0.7013817837607194,3.327827806295545,2.9951491900733713,3.6965309738340912,126
2025-05-16,-0.7190956397283079,3.5771738886857887,2.777651905009588,3.4967475447378953,114
2025-05-17,-0.8647619864261064,3.221062301378699,2.7846895238040275,3.6494515102301346,125
2025-05-18,-1.6202810232418665,3.4173412105111667,2.657481890964591,4.277762914206457,46
2025-05-19,0.0008273081878349332,3.4554197399133457,3.310488559142381,3.309661250954549,58
2025-05-20,-0.9247713113891871,2.9261657065420987,2.9295799964855895,3.8543513078747775,129
2025-05-21,-0.8219669092936858,3.374816709073901,3.0193402083869234,3.8413071176806097,143
2025-05-22,-1.5184051393489788,3.3053653121395556,2.8203512520170553,4.338756391366033,164
2025-05-23,-0.5175438140532129,3.0493292877064597,2.876750012193585,3.3942938262467988,151
2025-05-24,-0.9119287434661895,3.1771333007698095,2.8890240989123193,3.800952842378508,126
2025-05-25,-1.2115667705108601,2.8339918611079167,2.9473987281887912,4.158965498699652,62
2025-05-26,-0.5786173467009134,3.884189169536493,3.023880047960934,3.602497394661847,43
2025-05-27,-1.0725990117207047,3.4890553476648245,3.223399119851804,4.295998131572509,149
2025-05-28,-0.6320877797975184,3.0560277415471586,3.02303321175504,3.6551209915525584,129
2025-05-29,-1.8698505104543528,3.837685571879984,2.6219976539651073,4.491848164419459,111
2025-05-30,0.054561859934624396,3.180957422913047,3.4973754348841846,3.44281357494956,131
2025-05-31,-0.9420823932112369,3.220945091787099,3.049821555775287,3.9919039489865242,86
2025-06-01,-2.9366466573226,4.468405207700198,1.9165661085588892,4.85321276588149,48
2025-06-02,-1.0156121592446332,3.0979601006959574,2.7227358004781217,3.738347959722755,94
2025-06-03,-1.5012527152551065,3.8311161878397066,2.6461866623494803,4.147439377604588,146
2025-06-04,-1.5650981705540148,3.0722219845410033,2.676551330173988,4.241649500728003,135
2025-06-05,-0.16312845608070956,4.171718383400651,3.5647504657399485,3.7278789218206585,181
2025-06-06,-1.6266323689747575,2.8334813298760033,2.379220564901105,4.005852933875863,106
2025-06-07,-0.7111837303135158,3.269943155293498,2.7397986548757087,3.450982385189225,88
2025-06-08,-0.8953782384769123,3.946190826363684,2.8654019289695736,3.7607801674464865,42
2025-06-09,-1.2518836552770873,2.8553747412056207,2.4875899689765397,3.739473624253627,61
2025-06-10,-0.9678336570472372,3.262979078301829,2.612532180864583,3.5803658379118204,102
2025-06-11,-0.7427449859683174,3.566080240791312,2.9432681042055924,3.6860130901739097,134
2025-06-12,-1.1358752264273557,3.3170093676471084,2.9433952428479544,4.07927046927531,94
2025-06-13,-0.9265714279114113,2.5318213774462635,2.290503150320283,3.217074578231691,122
2025-06-14,-2.169195028626626,3.420965666191397,2.3957491085805747,4.564944137207203,92
2025-07-16,-0.869256210517611,3.2385681120765772,2.8982653844656285,3.767521594983239,151
2025-07-17,-0.6932562051806029,3.4728539749651097,2.565033740076303,3.258289945256907,154
2025-07-18,-0.1869872591703912,3.8040054867131015,3.229195833891586,3.416183093061977,150
2025-07-19,-1.8955441277397111,2.8093464761776294,2.645156498812515,4.540700626552226,101
2025-07-20,-1.5352017466715868,3.9315640350000183,3.003050389849391,4.53825213652098,71
2025-07-21,-1.413359149308758,3.554793024337534,2.8254256471826,4.238784796491358,57
2025-07-22,-1.849488081783262,2.857365811910205,2.4873544293401935,4.336842511123456,136
2025-07-23,-1.9312932728902796,3.0458939119091557,2.4440420628089723,4.375335335699252,141
2025-07-24,-0.842105417231535,3.0205460483328688,3.205608764170598,4.0477141814021325,168
2025-07-25,-1.8030439366534865,2.8221500899368097,2.479477119304406,4.282521055957892,146
2025-07-26,-1.4133868913947147,3.2815658698138668,2.6219365028827193,4.035323394277435,109
2025-07-27,-0.620573319716866,4.182935921474591,3.5911899470758724,4.211763266792739,54
2025-07-28,-0.6983314675041496,2.528694425353892,2.9163168356495284,3.6146483031536776,48
2025-07-29,-0.5602948124258508,4.228191101876582,2.971262760914896,3.531557573340746,138
2025-07-30,-0.7182622034834772,3.042293196860471,3.2453184875263017,3.9635806910097777,137
2025-07-31,-0.7676124236043035,3.250067417334933,2.6957469117852844,3.4633593353895873,220
2025-08-01,-1.3813738666176325,3.0207498813430393,2.8162251229503754,4.197598989568007,151
2025-08-02,-1.812330868629018,3.194451614627795,2.3965653170033607,4.208896185632382,160
2025-08-03,-2.5628307528860073,2.939530235437502,2.1771126588880705,4.739943411774075,68
2025-08-04,-2.8535364035933277,2.985444821727308,1.9095462404259171,4.763082644019244,57
2025-08-05,-1.1095206504794133,2.8845753630502675,3.015840594998328,4.12536124547774,181
2025-08-06,-1.0305906437659822,3.255736189516529,2.5710216137063937,3.6016122574723757,170
2025-08-07,-0.3766706816923494,3.029546082901494,2.8682498275717077,3.244920509264059,188
2025-08-08,-0.8025526589382599,2.760077987752722,2.551220306868898,3.353772965807158,168
2025-08-09,-1.032504117437361,3.0957952640895576,2.8275973443513815,3.860101461788742,174
2025-08-10,-1.5617824037144064,3.0107629807903793,2.771876532487109,4.333658936201516,75
2025-08-11,-2.3158820621061564,2.9009524909475424,2.3224383202832843,4.638320382389442,96
2025-08-12,-0.1747585776935164,2.7898505320849987,3.2807873687381703,3.4555459464316867,131
2025-08-13,-1.5725386497025249,3.4974920707564268,2.615638123888255,4.188176773590779,105
2025-08-15,-1.0912203123841069,3.4548329124743247,2.792350708321486,3.883571020705592,141
2025-08-16,-0.4646009331016693,2.6145580027097184,2.8935197240212265,3.3581206571228956,239
2025-08-17,-1.239718832125842,2.116719271488409,2.881808031110515,4.121526863236356,105
2025-08-18,-0.5580982402168314,3.0682449027095005,3.435776005774502,3.9938742459913334,71
2025-08-19,-0.2567054959880501,2.8745753410816297,3.213289718862058,3.4699952148501083,215
2025-08-20,-0.5789643072488204,3.093270779459154,2.9925739617412,3.5715382689900204,133
2025-08-21,-1.3659927373368268,3.1637869154099927,2.7004092556851056,4.066401993021933,118
2025-08-22,-0.292713144315895,3.3083609135196217,3.114911061670853,3.4076242059867483,111
2025-08-23,-0.5691149448474789,3.423947991466648,3.1074981493511284,3.6766130941986055,81
2025-08-24,-1.4592023542098265,3.9899892344510657,2.9370135753587325,4.3962159295685606,52
2025-08-25,-1.5702827817091434,3.562372605689308,2.8680304984247007,4.438313280133846,55
2025-08-26,-1.0098594087340125,3.2242049227015386,2.533581352380274,3.543440761114286,148
2025-08-27,-2.0247030647097493,4.540211027257596,2.595101747195154,4.619804811904909,168
2025-08-28,-0.9316655614729048,3.349654417297648,2.817343516615716,3.749009078088619,92
2025-08-29,-1.378299363920823,3.0661145202285964,2.58784114111274,3.966140505033563,109
2025-08-30,-1.1757277696653603,2.4936529730937704,2.786381465720598,3.962109235385958,108
2025-08-31,-2.700596918466804,3.2678295376741304,2.2086302336946613,4.909227152161464,51
2025-09-01,-0.7129455699311502,3.3704527694939395,2.691122693918253,3.4040682638494033,87
2025-09-02,-1.3485697224469269,4.692118182496926,3.193920841344415,4.5424905637913415,70
2025-09-03,-0.8387501275930367,3.3647058571688424,2.87918120929434,3.717931336887377,98
2025-09-04,-0.5131527611647535,3.4000882050283456,3.033612846693347,3.546765607858101,140
2025-09-05,-0.7816016545387076,3.397365784568188,3.0885206520936954,3.870122306632404,111
2025-09-06,-1.2214625952670737,2.864199948182393,2.504400239578514,3.725862834845589,141
2025-09-07,0.304719803417163,3.669815417400761,4.081735586290361,3.777015782873196,56
2025-09-08,-1.9325430356617677,3.3434608940337793,2.6403480956596437,4.572891131321412,75
2025-09-09,-0.7115760938816478,3.6787939338791498,2.806504297026108,3.5180803909077567,160
2025-09-10,-1.1255828146263405,3.1474481604813795,2.478791856378236,3.604374671004575,165
2025-09-11,-0.4316322460819807,3.1084677758070582,2.949672924456189,3.381305170538169,117
2025-09-12,-1.7043212631879925,3.301265053777093,2.717071505066832,4.421392768254822,126
2025-09-13,-1.4653824521275,3.4433810174296995,2.7624121739321055,4.227794626059606,72
2025-09-14,-1.5989985253298349,3.3692716525631003,3.217092434026868,4.8160909593567025,41
2025-09-15,-1.798238616924077,3.3321168940289776,2.9440479613108392,4.742286578234915,55
2025-09-16,-0.3636888564778633,3.3607071826884978,2.6747940500460103,3.0384829065238743,139
2025-09-17,-0.6658832205471265,3.557325819993628,2.983359093991654,3.649242314538782,118
2025-09-18,-0.687627888405529,3.9212506210854903,3.0891549396835,3.7767828280890288,143
2025-09-19,-2.010496266386466,3.628784703504957,2.6875659851911866,4.698062251577653,145
2025-09-20,-1.2810116862423755,2.906863026317914,2.4018447621129053,3.6828564483552815,101
2025-09-21,-0.3585970098865656,2.9925462627785677,2.933715045330311,3.2923120552168763,92
2025-09-22,-0.9001844005864603,3.782657214782503,3.03842000469674,3.938604405283201,73
2025-09-23,-1.133668024234515,2.7555875700252637,2.8058345461555696,3.939502570390085,163
2025-09-24,-1.048148620849132,3.652032975107683,2.837907687649958,3.88605630849909,165
2025-10-08,-0.8078561137778496,3.0532541458766445,2.81684956661988,3.6247056803977302,136
2025-10-09,-0.29647277180315107,3.173064982523579,2.5982222983356253,2.8946950701387766,119
2025-10-10,-1.0033844854651384,2.991575725633075,2.8477214592464204,3.8511059447115583,110
2025-10-11,-0.7613197965944296,4.058837219216475,3.658192952817036,4.419512749411466,89
2025-10-12,-0.0987376290294193,2.325299872990928,3.4574963557239307,3.5562339847533506,45
2025-10-13,-1.5307995786708093,3.380910626826522,2.6557090621820083,4.186508640852817,70
2025-10-14,-0.09509038365610656,3.3629568875101175,3.524276000218026,3.6193663838741323,112
2025-11-14,-0.49830392082794117,3.07505516249091,2.557333323328768,3.05563724415671,125
2025-11-15,-0.885751773261359,3.8638805697541048,2.903191011682388,3.788942784943746,110
2025-11-16,-1.5592783864955402,2.877363900738364,2.577590753055687,4.136869139551229,45
2025-11-17,-0.20906225526688219,3.1501251584770666,3.113252086216991,3.3223143414838736,75
2025-11-18,-0.7483660923237391,3.6703194964039967,2.743560392051856,3.491926484375596,165
2025-11-19,-0.24921066136817954,3.287488992790388,3.0136766198577964,3.2628872812259764,116
2025-11-20,-0.7998240390434058,3.0165112306168322,2.688229191804446,3.4880532308478522,135
2025-11-21,-0.9830242498075635,3.619180591614393,3.002349384350038,3.985373634157602,107
2025-11-22,-0.6146600532880406,3.389391487969944,3.093514225985623,3.7081742792736643,151
2025-11-23,-0.047954724438425994,3.503215267087126,3.1961465720501896,3.2441012964886147,54
2025-11-24,-0.7434906357001365,3.090152271727689,3.2605486720296106,4.004039307729748,50
2025-11-25,-0.43772510438800427,3.7633331832475516,3.163708628101131,3.6014337324891352,137
2025-11-26,-0.9711822921861318,3.35257584455468,2.868879228075216,3.8400615202613477,140
2025-11-27,-0.09397198185089435,3.6566254687298327,3.3159727348401753,3.4099447166910704,86
2025-12-11,-1.5544555515834197,3.088857560010879,2.4893028324083457,4.043758383991767,194
2025-12-12,-0.8161275330519308,3.22211077534164,2.7614284384460652,3.5775559714979956,162
2025-12-13,-0.49887711020372055,3.330452320893417,3.5586164765083343,4.057493586712055,113
2025-12-14,1.8239496663941779,4.68805670339373,4.567476161697847,2.743526495303669,69
2025-12-15,-1.3034620773085146,3.8330427105861933,2.9873614052905615,4.290823482599076,59
2025-12-16,-0.979930178813349,2.46376865124228,2.72253452484874,3.7024647036620895,125
2025-12-17,-0.37217140353262357,3.299071994939043,2.869365374323497,3.241536777856121,141
2025-12-18,-1.429625219306664,3.9470011132698284,2.7680581088456844,4.1976833281523485,141
2025-12-19,-0.0748282325935335,2.9624426476333303,2.965675153012503,3.040503385606036,109
2025-12-20,-0.19318846323045236,3.7561867829316866,3.2393610735768936,3.432549536807346,95
2025-12-21,-0.8318982969835008,4.862972652357743,3.4654565945950218,4.297354891578523,54
2025-12-22,-0.8781955599923854,3.0669462438006305,2.6906584713642077,3.5688540313565933,64
2025-12-23,-0.6219402241630826,2.8972626041099896,2.648518353687253,3.270458577850337,133
2025-12-24,-1.0177082016867969,3.398584003115077,2.460447401354526,3.4781556030413223,61
2025-12-25,-0.4988540820683462,3.1494318042845637,3.0864888296300546,3.5853429116984015,45
2025-12-26,-1.3132972158979628,3.4273840537431695,2.3428615411234386,3.656158757021402,53
2025-12-27,-1.1942444377399821,2.5390725104176664,2.791414265080504,3.985658702820486,59
2025-12-28,-1.3048324866394794,3.451045668631121,2.6419551955155436,3.9467876821550236,43
2026-01-26,-0.8189850607525562,3.234358404616213,3.04553845554862,3.8645235163011753,42
2026-01-28,-0.0877638635982868,3.3611828008719784,3.268590520950016,3.356354384548302,126
2026-01-29,-0.7774493936617526,2.737691190206361,2.473785036797779,3.2512344304595304,134
2026-01-30,-0.9468416345951998,3.218505689456743,2.8056548062908804,3.7524964408860786,124
2026-01-31,-0.8843190827981863,3.492257328137194,2.8447003174515135,3.7290194002497,107
2026-02-01,-1.906345183804596,3.623696339184716,2.902474620260315,4.808819804064911,45
2026-02-02,0.2907368738753724,3.194397588933117,3.737039254967041,3.446302381091669,125
2026-02-03,-0.7020698014859985,3.500757711612614,3.131065137565283,3.833134939051282,181
2026-02-04,-0.5121018593624637,2.7466525079400648,2.904589712495792,3.4166915718582573,147
2026-02-05,-0.926168051500206,3.311941628137346,2.7866516496451026,3.712819701145308,107
2026-02-06,-0.8736983124123425,3.069268459068544,2.95177244284857,3.8254707552609135,112
2026-02-07,-0.303326407640939,3.63380259058362,3.339612873868894,3.642939281509833,81
2026-02-08,-1.0368162625527897,3.17704230856734,2.9288464660238858,3.965662728576676,56
2026-02-09,-1.0985678673722552,4.141933840085675,3.109655725618853,4.208223592991107,60
2026-02-10,-0.1892795844591227,3.563618089547833,3.488882664021589,3.678162248480713,161
2026-02-11,-0.1783994018462199,2.617118513069212,2.507440575584038,2.685839977430258,87
2026-02-12,-0.942725279593948,3.60362078290698,2.7643438705499612,3.7070691501439086,108
2026-02-13,-1.1440146812462977,3.970215230453803,2.982937764950428,4.126952446196726,110
2026-02-14,-0.7628704578636245,2.560128575821839,2.55102420754344,3.3138946654070667,104
2026-02-15,-1.4120998311089064,1.96078512531388,2.303843402081228,3.7159432331901345,57
2026-02-16,-0.9956073845240612,3.5648671864693124,2.8855187403621283,3.8811261248861904,68
2026-02-17,-0.0528444289770797,2.5143143063570457,2.815328029564836,2.8681724585419177,108
2026-02-18,-1.1320121409800186,2.8084511810499992,2.568422433229322,3.700434574209341,96
2026-02-19,0.9762335942273828,4.283868354800122,4.172283597409026,3.1960500031816426,139
2026-02-20,-0.4615346740712088,3.759341609580329,3.104034758823399,3.565569432894608,121
2026-02-21,-1.6306851252785612,2.8237365680276008,2.2647799059256415,3.895465031204204,171
2026-02-23,-1.690674274595579,2.986501813396115,2.900688208456688,4.591362483052266,51
2026-02-24,-1.0244959421130977,3.68943583090284,2.915871106495566,3.9403670486086626,111
2026-02-25,-1.2561003168259472,2.835863356918883,2.524680745307074,3.7807810621330216,137
2026-02-26,-0.4189918474035293,3.105066798290206,2.720295323310428,3.1392871707139576,115
2026-02-27,-1.191010108842142,3.1391356267573287,2.507892461755666,3.698902570597808,111
2026-02-28,-1.5511737424207237,2.948239207457962,2.365756402213417,3.916930144634139,115
2026-03-01,-2.4825471908128196,3.1226834075205,2.708328765374851,5.190875956187671,62
2026-03-02,-0.903420653363552,3.80478873045196,3.1471710540414772,4.05059170740503,51
2026-03-03,-1.6911081606446998,3.67381555001351,2.4483949573572352,4.139503118001937,83
2026-03-04,-1.0085199461320888,3.092068265566791,2.850054797542098,3.858574743674187,150
2026-03-05,-0.8370880039314736,3.3864978024213217,3.0597864772260164,3.89687448115749,141
2026-03-06,-1.1332677390621808,3.6821380900593974,2.638616664199733,3.7718844032619137,130
2026-03-07,-1.7285532747565004,3.640929381362622,2.954229536586154,4.682782811342655,147
2026-03-08,-1.9040906751557136,3.851359314738069,2.6574688263443007,4.561559501500014,70
2026-03-09,-3.1033929052292946,2.2567144322393657,1.7360639467471146,4.839456851976408,105
2026-03-10,-1.906758476980887,3.399308141541688,2.5178613686815674,4.424619845662454,124
2026-03-11,-1.275402898488747,3.5986585838027048,2.6471693906394624,3.9225722891282095,90
2026-03-12,-1.282346942697639,3.904189107376816,2.641088946645905,3.923435889343545,107
2026-03-13,-1.3353375569624848,3.5578140107759193,2.6661161362317105,4.001453693194195,104
2026-03-14,-1.61922555166336,4.348156214651907,2.7419083959324984,4.3611339475958575,116
2026-03-15,-1.9021180042194543,2.7239944631646753,2.793956347086496,4.696074351305951,46
2026-03-16,-1.5764036457282864,3.975429837938995,2.6758186299704363,4.252222275698722,67
2026-03-17,-0.6731455382631644,2.929645972520955,3.031567896204683,3.7047134344678474,99
2026-03-18,-1.6109026366964594,3.323671055216909,2.6259603654103465,4.236863002106806,119
2026-03-19,-1.281804633155279,3.281336749623664,2.6575644806377383,3.939369113793018,129
2026-03-20,-1.058978840647724,3.433904473515422,2.7725430185401234,3.831521859187846,149
2026-03-21,-1.622295781960928,3.1079380905533744,2.8461627407212173,4.468458522682145,78
2026-03-22,-0.9973008561065944,3.753039478149026,3.482654393987657,4.479955250094249,74
2026-03-23,-1.996734105743489,3.8833023609545334,3.006401512547975,5.003135618291465,80
2026-03-24,-0.6671741790684244,2.5172053956638996,2.473317526601566,3.140491705669991,110
2026-03-25,-1.0409651297142868,2.990995436429216,2.6818655789832886,3.722830708697576,99
2026-03-26,-1.7475554743472712,3.4610526869581055,2.7533481205707733,4.500903594918044,82
2026-03-27,-0.4608375340512674,4.160651111644039,3.160577385420965,3.6214149194722327,121
2026-03-28,-0.885702464289123,3.0358774736206535,2.7790506502832866,3.6647531145724095,91
2026-03-29,-2.5493943821256955,4.1869635774288225,2.438551866146955,4.9879462482726495,33
2026-03-30,-1.0204613577261137,4.714597244442182,2.885422747944943,3.9058841056710567,38
2026-03-31,-1.0927490400506716,3.3812088489608025,2.4944613456165317,3.5872103856672024,98
2026-04-01,-1.798910257725075,3.2964858877478527,2.384404610857263,4.18331486858234,91
2026-04-02,-0.7632202559828344,2.898811267247023,2.958861552537495,3.7220818085203295,109
2026-04-03,-1.125101021113371,2.627512848250306,2.401732875583509,3.526833896696878,92
2026-04-04,-1.2552455897691357,3.1640137839905775,2.6290481472217504,3.8842937369908865,69
2026-04-05,-2.106599912239107,3.1293520710093317,2.81599963487359,4.922599547112696,54
2026-04-06,-4.198871253916222,3.2782452080713766,2.5167414784971505,6.715612732413365,39
2026-04-07,-2.717558447506651,2.864376229408524,2.0998773825444803,4.8174358300511315,145
2026-04-08,-1.8748423357125084,2.948850190393348,2.4743851225812454,4.349227458293753,109
2026-04-09,-1.9575259326813337,2.7888444996737465,2.233337268915857,4.1908632015971925,116
2026-04-10,-1.3777891712119217,3.9609388748014425,3.117126832655546,4.494916003867467,101
2026-04-11,-0.9983206700587623,2.8222965119507633,2.6050982007768546,3.603418870835616,103
2026-04-12,-0.1839630959916945,2.968191529197157,3.1774993589487472,3.3614624549404413,74
2026-04-13,-1.7670448610370733,3.2192181579182257,2.817114408093742,4.584159269130816,99
2026-04-14,-1.4315648958375335,3.4528269560897407,2.8163299898185596,4.247894885656093,91
2026-04-15,-1.532407632839719,3.549508452896547,2.607616671837123,4.140024304676842,124
2026-04-16,-1.8358051874373864,3.301914734301664,2.633722311802303,4.469527499239689,118
2026-04-17,-0.0141966749217531,3.065689221614132,3.076608912708362,3.090805587630116,98
2026-04-18,-0.777693504297618,2.79116110131897,2.8656712021153212,3.64336470641294,91
2026-04-19,-2.337112536636083,3.811040851612063,2.585905297667016,4.9230178343030975,63
2026-04-20,-2.308951605383822,3.0859340514844185,2.467231786272938,4.776183391656762,81
2026-04-21,-0.9056264730529072,4.070691294664922,3.1880124992399455,4.093638972292853,109
2026-04-22,-1.3899966538163326,3.065541116718071,2.595639298504122,3.985635952320457,107
2026-04-23,-1.09560795744835,3.29855316701912,2.8354971805079163,3.9311051379562647,127
2026-04-24,-1.3390655478490638,3.279104016194644,2.744252134196067,4.0833176820451325,142
2026-04-25,-1.1786767075900848,3.2769227647411063,2.7504324677494725,3.9291091753395575,100
2026-04-26,-2.9802057256331045,3.9567612877445257,2.643262518189933,5.62346824382304,65
2026-04-27,-1.1312328970068497,4.007091931537719,2.963144392361975,4.0943772893688255,49
2026-04-28,0.2477392528728809,3.307390392459802,3.3161774989002373,3.068438246027356,111
2026-04-29,-1.8681522138070683,3.140259147537249,2.235948587523361,4.104100801330429,174
2026-04-30,-0.9918128626067784,3.032840680490313,2.6223970768921836,3.614209939498962,160
2026-05-01,-1.37177853533867,2.943870154363896,2.450864173296696,3.8226427086353656,110
2026-05-02,-2.047203582153238,3.1877380879460526,2.4862088893320937,4.533412471485333,146
2026-05-03,-2.001663131867863,2.896276026433231,2.4892316216752994,4.490894753543162,67
2026-05-04,-1.6633427686180764,2.4749344249224294,2.13599071884895,3.799333487467027,93
2026-05-05,-1.6430625674626356,3.453215255719643,2.46461165398815,4.107674221450788,155
2026-05-07,-0.7810331965437245,3.1590650619839598,2.8635126968632694,3.6445458934069928,104
2026-05-08,-1.0240573936590451,2.74285768257338,2.7076733216715088,3.731730715330554,87
2026-05-09,-0.5391579807937726,3.0351365868670013,3.100328136420708,3.639486117214482,104
2026-05-10,-2.1059653377467327,3.073225560932613,2.5679112699473317,4.673876607694063,73
2026-05-11,-2.2359008418777218,2.705703596644306,2.4124813201693542,4.648382162047078,42
2026-05-12,-2.0528375413880595,3.3549939827701163,2.495999196533828,4.548836737921886,125
2026-05-13,-1.5447277654751947,3.345796611299408,2.8636414411649653,4.40836920664016,146
2026-05-14,-0.41938545125517995,3.1513658826973536,2.8101427598644912,3.2295282111196713,207
2026-05-15,-1.4151768617718647,3.383503428646707,2.7455263294919003,4.1607031912637655,118
2026-05-16,-1.7636213728481875,3.0675360056132455,2.6749697272149517,4.438591100063139,122
2026-05-17,-0.32917460458117404,3.9098193920812334,3.431790470734217,3.7609650753153896,64
2026-05-18,-1.6779671562361012,3.282564305510276,2.657095401409245,4.335062557645346,78
2026-05-19,-0.8270376210560754,3.327489685954865,2.890054127493689,3.717091748549764,132
2026-05-20,-1.1363551676339374,3.224043383041149,2.879064979407458,4.015420147041396,141
2026-05-21,-2.774114286462348,3.4493898115957253,2.6577768660230454,5.4318911524853934,155
2026-05-22,-0.7806696474140682,3.0047752081640224,3.0548348981174547,3.8355045455315238,102
2026-05-23,-0.7931126304108223,3.279749059421335,2.8654475453380894,3.6585601757489123,72
2026-05-24,-1.272424340950835,3.658988964383545,3.0624335395704474,4.334857880521283,61
2026-05-25,-2.746061555747097,4.277221116592262,2.6981616470789045,5.444223202826002,50
2026-05-26,-0.8746444122486589,2.778028782081199,2.721580801198425,3.5962252134470805,79
2026-05-27,-0.9520952876872428,3.2592813896463086,3.042517520071969,3.9946128077592125,95
