date,tg_score,tg_n,tg_channels,tg_views_total
2018-01-30,-1.0,1,1,85
2018-02-07,1.0,1,1,95
2018-02-12,0.0,1,1,109
2018-02-19,1.0,2,1,169
2018-02-21,1.0,1,1,82
2018-02-22,0.0,1,1,114
2018-03-01,0.55122,2,1,205
2018-03-02,-1.0,1,1,139
2018-03-05,1.0,1,1,342
2018-03-12,1.0,1,1,166
2018-03-15,-0.571429,2,1,301
2018-03-16,0.0,1,1,157
2018-03-19,0.0,1,1,183
2018-03-27,0.0,1,1,178
2018-03-30,1.0,1,1,215
2018-04-06,1.0,1,1,192
2018-04-10,-1.0,1,1,227
2018-04-27,0.0,1,1,7
2018-05-16,0.0,1,1,213
2018-05-18,0.0,2,1,323
2018-05-22,0.0,1,1,157
2018-05-24,0.473418,2,1,395
2018-06-05,1.0,1,1,203
2018-06-21,1.0,1,1,200
2018-06-26,-1.0,1,1,179
2018-11-12,0.0,1,1,1332
2018-11-13,-1.0,1,1,1510
2018-11-21,1.0,1,1,1633
2018-11-22,-0.333333,1,1,2186
2018-11-30,0.0,1,1,2391
2018-12-03,-0.506196,2,1,4761
2018-12-04,-1.0,1,1,2681
2018-12-19,1.0,1,1,7822
2018-12-20,-1.0,1,1,9601
2019-01-10,0.0,1,1,7995
2019-01-11,0.0,1,1,8310
2019-01-17,-1.0,1,1,12675
2019-01-21,1.0,1,1,10154
2019-01-22,-1.0,1,1,9091
2019-01-23,0.666667,1,1,9911
2019-01-24,1.0,1,1,11108
2019-01-29,-1.0,1,1,11451
2019-01-30,0.0,1,1,12284
2019-01-31,0.0,1,1,11228
2019-02-04,-1.0,1,1,13506
2019-02-05,0.0,1,1,11781
2019-02-06,-1.0,1,1,13114
2019-02-07,1.0,1,1,12798
2019-02-08,1.0,1,1,12371
2019-02-11,-1.0,1,1,12908
2019-02-12,0.0,1,1,11483
2019-02-14,-1.0,1,1,12449
2019-02-18,1.0,1,1,12649
2019-02-19,-1.0,1,1,11720
2019-02-22,0.333333,1,1,11963
2019-02-25,1.0,1,1,12421
2019-02-28,0.0,1,1,11858
2019-03-04,0.0,1,1,12868
2019-03-07,-1.0,1,1,12471
2019-03-13,-1.0,1,1,10493
2019-03-14,-0.043617,2,1,20703
2019-03-19,-1.0,1,1,10094
2019-03-20,-1.0,1,1,9419
2019-03-21,0.333333,1,1,9467
2019-03-26,-1.0,1,1,9809
2019-03-27,0.0,1,1,10579
2019-03-28,-1.0,1,1,11975
2019-03-29,0.0,1,1,10053
2019-04-01,0.0,1,1,10097
2019-04-03,0.0,1,1,10003
2019-04-04,0.333333,1,1,10128
2019-04-05,0.13906,2,1,24632
2019-04-08,1.0,1,1,10740
2019-04-09,1.0,1,1,10697
2019-04-10,-1.0,1,1,10406
2019-04-11,0.5,1,1,11122
2019-04-12,1.0,1,1,10874
2019-04-15,0.5,1,1,9919
2019-04-16,1.0,1,1,9329
2019-04-17,-0.333333,1,1,9309
2019-04-18,0.333333,1,1,11521
2019-04-22,-1.0,1,1,11683
2019-04-23,1.0,1,1,10559
2019-04-24,-0.272727,1,1,8985
2019-04-26,1.0,1,1,9837
2019-05-15,0.052632,1,1,9052
2019-05-16,1.0,1,1,9388
2019-05-17,-1.0,1,1,10985
2019-05-21,-1.0,1,1,11860
2019-05-23,0.2,1,1,10907
2019-05-24,0.5,1,1,11475
2019-05-27,-0.272727,1,1,10239
2019-05-29,-1.0,1,1,10390
2019-05-30,0.2,1,1,10980
2019-05-31,-1.0,1,1,12431
2019-06-04,-0.205008,2,1,21248
2019-06-05,0.0,1,1,8467
2019-06-06,-0.003091,2,1,19087
2019-06-07,-0.6,1,1,9223
2019-06-10,0.159066,2,1,17653
2019-06-11,0.0,1,1,8710
2019-06-13,1.0,1,1,8798
2019-06-14,-1.0,1,1,10063
2019-06-17,1.0,1,1,7467
2019-06-20,0.0,1,1,8869
2019-06-21,1.0,1,1,11886
2019-06-24,0.5,1,1,9179
2019-06-25,1.0,1,1,9108
2019-06-28,-0.429096,3,1,34046
2019-07-01,0.2,1,1,11762
2019-07-02,1.0,1,1,11001
2019-07-03,1.0,1,1,12268
2019-07-04,0.0,1,1,11759
2019-07-05,-0.464412,2,1,24633
2019-07-08,0.5,1,1,12958
2019-07-09,0.333333,1,1,15468
2019-07-11,1.0,1,1,12227
2019-07-15,-0.303775,2,1,24239
2019-07-16,1.0,1,1,13562
2019-07-18,-0.5,1,1,14665
2019-07-19,1.0,1,1,13816
2019-07-22,0.0,1,1,13399
2019-07-23,-1.0,1,1,15940
2019-07-24,0.2,1,1,15338
2019-07-26,-0.067604,2,1,31167
2019-07-29,0.0,1,1,15077
2019-07-31,0.505502,2,1,26989
2019-08-01,-0.2,1,1,14041
2019-08-02,-1.0,1,1,16836
2019-08-09,0.166667,1,1,18702
2019-08-12,-1.0,1,1,15273
2019-08-14,-1.0,1,1,16748
2019-08-20,0.0,1,1,16779
2019-08-29,0.0,1,1,24900
2019-08-30,-1.0,1,1,20164
2019-09-12,0.090909,1,1,18232
2019-09-16,0.15831,2,1,31512
2019-09-19,-1.0,1,1,14333
2019-09-20,-1.0,1,1,15160
2019-09-23,-1.0,1,1,14568
2019-09-24,1.0,1,1,17116
2019-09-25,0.0,1,1,13985
2019-09-27,0.818182,1,1,14154
2019-09-30,0.3269,2,1,27409
2019-10-02,-0.5,1,1,15120
2019-10-04,1.0,1,1,15556
2019-10-08,-1.0,1,1,14499
2019-10-15,-1.0,1,1,15275
2019-10-16,-0.6,1,1,16473
2019-10-18,0.5,1,1,21852
2019-10-23,-1.0,1,1,16544
2019-10-29,-1.0,1,1,15463
2019-11-06,0.333333,1,1,14327
2019-11-07,-1.0,1,1,15199
2019-11-13,-0.333333,1,1,12836
2019-11-14,1.0,1,1,16254
2019-11-18,-1.0,1,1,14299
2019-11-19,1.0,1,1,14385
2019-11-20,0.0,1,1,15962
2019-11-21,1.0,1,1,13246
2019-11-26,-1.0,1,1,14754
2019-11-27,-0.989822,2,2,15327
2019-11-29,0.0,1,1,16365
2019-12-02,0.0,1,1,159
2019-12-04,-0.494968,2,2,15500
2019-12-05,0.0,1,1,14215
2019-12-06,0.0,2,2,12080
2019-12-09,0.0,1,1,148
2019-12-11,0.99057,2,2,15059
2019-12-12,0.185734,3,2,26501
2019-12-13,-1.0,1,1,16331
2019-12-17,-1.0,1,1,16895
2019-12-19,-0.329484,2,2,15241
2019-12-20,0.0,1,1,17038
2019-12-23,0.508571,2,1,350
2019-12-24,-0.698229,3,2,15837
2019-12-25,-0.209662,2,1,27573
2019-12-26,0.0,1,1,180
2019-12-31,0.0,1,1,196
2020-01-04,0.454545,1,1,16756
2020-01-06,-1.0,1,1,15827
2020-01-08,0.0,1,1,16575
2020-01-09,0.0,1,1,14941
2020-01-10,0.229369,2,1,26756
2020-01-12,-0.5,1,1,12136
2020-01-14,0.333333,1,1,12332
2020-01-15,0.333333,1,1,14758
2020-01-16,0.033062,2,1,24802
2020-01-17,0.0,2,2,16763
2020-01-19,0.0,1,1,12959
2020-01-21,-0.470975,2,1,26490
2020-01-22,-0.985963,2,2,14462
2020-01-23,-0.329287,2,2,16065
2020-01-24,0.0,1,1,162
2020-01-27,-1.0,1,1,128
2020-01-28,0.0,2,2,21969
2020-01-29,0.0,1,1,169
2020-01-30,0.333333,1,1,12410
2020-01-31,1.0,1,1,13785
2020-02-03,0.0,1,1,142
2020-02-05,0.0,2,2,14855
2020-02-06,-0.75,1,1,13715
2020-02-07,0.520249,2,1,321
2020-02-10,1.0,1,1,184
2020-02-12,0.333333,1,1,11824
2020-02-13,-0.094401,4,1,46451
2020-02-20,1.0,1,1,176
2020-02-21,0.992211,2,2,22980
2020-02-27,0.0,1,1,159
2020-02-28,0.0,1,1,148
2020-02-29,-0.333333,1,1,19819
2020-03-02,0.0,2,1,273
2020-03-03,-0.22398,2,1,30033
2020-03-04,-0.02556,2,1,4773
2020-03-05,0.093222,4,1,43990
2020-03-06,-0.319708,5,2,44246
2020-03-09,-1.0,1,1,178
2020-03-10,1.0,1,1,19369
2020-03-11,-0.2,1,1,15101
2020-03-13,1.0,1,1,184
2020-03-16,-0.776224,2,2,16016
2020-03-17,-0.197206,2,2,14104
2020-03-18,-0.188432,5,2,45521
2020-03-19,0.288262,4,1,673
2020-03-20,0.0,1,1,208
2020-03-21,0.0,1,1,14280
2020-03-23,0.0,1,1,165
2020-03-24,0.141127,2,2,13295
2020-03-25,0.0,1,1,156
2020-03-26,-0.5,1,1,16746
2020-03-27,0.0,1,1,212
2020-03-30,0.0,1,1,568
2020-03-31,-1.0,1,1,163
2020-04-01,-0.987219,2,2,12753
2020-04-02,-0.987235,4,2,26791
2020-04-03,1.0,1,1,188
2020-04-05,1.0,1,1,206
2020-04-06,-1.0,1,1,14448
2020-04-07,0.0,3,2,13401
2020-04-08,0.980789,3,2,14315
2020-04-09,1.0,3,2,14470
2020-04-10,-1.0,1,1,14078
2020-04-13,-1.0,1,1,12202
2020-04-14,-0.027271,2,2,12651
2020-04-15,-0.503566,2,1,701
2020-04-16,0.240043,2,1,929
2020-04-20,0.490356,5,2,13314
2020-04-21,-0.028088,3,2,12995
2020-04-22,0.243708,3,1,1629
2020-04-23,0.030852,2,2,12025
2020-04-24,0.0,1,1,422
2020-04-27,0.03202,3,2,11243
2020-04-28,-1.0,2,2,9968
2020-04-29,-0.175435,7,2,28036
2020-04-30,-0.322829,2,2,10218
2020-05-01,-0.594372,4,2,12650
2020-05-04,0.0,1,1,296
2020-05-06,0.206904,2,2,10294
2020-05-07,-0.509356,3,2,18704
2020-05-08,-0.314036,2,1,9673
2020-05-12,0.0,2,2,9666
2020-05-13,0.941137,5,2,10431
2020-05-14,-0.946704,3,2,10451
2020-05-15,0.0,2,1,693
2020-05-17,0.0,1,1,335
2020-05-18,0.581836,2,2,9943
2020-05-19,1.0,1,1,9415
2020-05-20,0.582718,4,2,11214
2020-05-22,-0.963281,2,2,12119
2020-05-23,1.0,1,1,350
2020-05-25,0.0,1,1,343
2020-05-27,-0.931383,4,2,11761
2020-05-28,1.0,1,1,11391
2020-05-29,-1.0,1,1,11023
2020-05-31,0.0,1,1,327
2020-06-01,0.704198,3,2,11499
2020-06-02,0.535358,2,2,11638
2020-06-04,0.0,1,1,675
2020-06-05,0.0,2,1,13518
2020-06-08,0.333333,1,1,9822
2020-06-09,0.111111,1,1,10141
2020-06-10,-0.987188,3,2,19357
2020-06-15,0.0,3,2,9924
2020-06-16,0.024218,3,2,10034
2020-06-17,-0.265289,2,1,18199
2020-06-18,-0.668836,2,1,461
2020-06-19,0.0,1,1,9815
2020-06-22,0.0,1,1,8738
2020-06-23,-0.277339,3,1,27253
2020-06-25,-1.0,1,1,10840
2020-06-26,0.046791,3,1,748
2020-06-29,-1.0,1,1,9704
2020-06-30,0.333333,1,1,9530
2020-07-02,-0.265563,2,1,20530
2020-07-03,-0.939635,3,2,13468
2020-07-06,-1.0,1,1,282
2020-07-07,0.0,1,1,9779
2020-07-08,0.584011,2,2,9494
2020-07-09,0.333333,1,1,9505
2020-07-10,0.455442,2,1,19054
2020-07-11,0.0,1,1,271
2020-07-13,-0.963854,3,2,10596
2020-07-14,0.299355,3,2,11299
2020-07-15,0.865937,2,2,9693
2020-07-16,-1.0,3,1,25783
2020-07-17,-0.050941,3,1,25398
2020-07-20,-0.325205,2,2,8735
2020-07-21,-0.260203,4,2,8870
2020-07-22,0.496288,2,1,16027
2020-07-23,1.0,1,1,9352
2020-07-24,-1.0,1,1,10184
2020-07-27,0.75,1,1,10384
2020-07-28,0.513275,2,1,19510
2020-07-29,0.535377,2,1,19030
2020-07-30,-0.22572,2,2,10604
2020-07-31,0.674312,2,2,11622
2020-08-04,0.0,1,1,335
2020-08-05,0.0,1,1,10968
2020-08-06,-0.313448,4,2,24758
2020-08-07,1.0,1,1,12755
2020-08-08,1.0,1,1,12115
2020-08-10,-0.977128,2,2,11324
2020-08-11,0.548484,3,2,11247
2020-08-12,-0.358457,3,1,35611
2020-08-13,0.428571,1,1,12675
2020-08-14,0.131925,4,2,24488
2020-08-15,-0.333333,1,1,13761
2020-08-17,-0.396396,2,1,28274
2020-08-18,-1.0,1,1,15198
2020-08-19,0.166667,1,1,14963
2020-08-20,1.0,1,1,14889
2020-08-21,-0.627063,2,2,17173
2020-08-22,0.0,1,1,16881
2020-08-24,0.342014,2,2,17202
2020-08-25,0.2,1,1,17135
2020-08-26,0.121669,2,2,19364
2020-08-27,-0.427983,3,2,38634
2020-08-28,-0.2,1,1,20676
2020-08-29,0.0,1,1,24553
2020-08-31,0.986403,2,2,19490
2020-09-01,1.0,1,1,18781
2020-09-02,0.437831,2,2,18576
2020-09-03,0.5,1,1,23412
2020-09-04,1.0,2,1,914
2020-09-07,1.0,1,1,18755
2020-09-08,-0.111111,1,1,19110
2020-09-09,0.485073,2,1,39491
2020-09-10,0.988774,2,2,24496
2020-09-11,1.0,1,1,289
2020-09-12,1.0,1,1,18954
2020-09-13,0.333333,1,1,19225
2020-09-14,1.0,1,1,22345
2020-09-15,-0.333333,1,1,264
2020-09-17,-0.111111,1,1,21008
2020-09-20,-0.714286,1,1,22026
2020-09-21,-0.5,1,1,21018
2020-09-22,0.0,1,1,19436
2020-09-23,-0.675198,4,2,41299
2020-09-24,1.0,1,1,26387
2020-09-25,-1.0,1,1,277
2020-09-28,0.333023,2,1,40781
2020-09-29,0.268214,3,2,43236
2020-09-30,0.0,1,1,24364
2020-10-02,0.0,1,1,269
2020-10-05,-0.235994,2,2,24633
2020-10-06,-1.0,1,1,21764
2020-10-07,1.0,2,2,22954
2020-10-08,1.0,1,1,28845
2020-10-12,0.0,2,2,22693
2020-10-13,1.0,2,1,43269
2020-10-19,-1.0,1,1,25033
2020-10-20,0.988935,2,2,24040
2020-10-21,-0.186236,2,2,23104
2020-10-22,-0.979164,3,2,28509
2020-10-23,-0.452229,2,1,628
2020-10-26,-0.989216,2,2,24295
2020-10-27,0.0,1,1,22659
2020-10-28,-0.990968,2,2,25464
2020-10-29,-0.437823,4,2,58803
2020-11-02,-0.981527,2,2,30422
2020-11-03,0.0,1,1,34392
2020-11-05,-0.990182,2,2,36462
2020-11-09,0.0,1,1,35460
2020-11-10,0.0,1,1,33511
2020-11-11,0.0,1,1,255
2020-11-12,0.0,1,1,36364
2020-11-16,0.330834,2,2,32414
2020-11-17,1.0,1,1,242
2020-11-18,0.991574,4,2,54593
2020-11-19,-0.626172,3,2,29026
2020-11-20,0.204509,3,2,37433
2020-11-23,-0.333333,1,1,33197
2020-11-24,0.0,1,1,27224
2020-11-25,-0.894737,1,1,26770
2020-11-26,-0.484936,3,2,31533
2020-11-30,1.0,1,1,28737
2020-12-02,0.338375,2,2,26843
2020-12-03,0.120042,3,2,59509
2020-12-07,0.882307,2,2,29440
2020-12-08,0.666667,1,1,34288
2020-12-09,0.993874,2,2,37055
2020-12-11,-1.0,1,1,33851
2020-12-14,1.0,1,1,28892
2020-12-15,0.0,2,2,30559
2020-12-16,0.990719,2,2,25644
2020-12-17,0.0,2,1,49213
2020-12-18,0.26618,4,2,86632
2020-12-21,0.797971,2,1,56188
2020-12-22,0.330551,2,2,27316
2020-12-23,0.081129,3,1,74919
2020-12-24,0.766399,3,2,58623
2020-12-25,0.5,1,1,33659
2020-12-28,0.0,1,1,224
2020-12-29,0.066478,2,1,74095
2021-01-11,0.0,1,1,32917
2021-01-13,1.0,1,1,281
2021-01-14,-1.0,1,1,291
2021-01-18,0.033642,3,2,53384
2021-01-19,-0.008154,3,2,52122
2021-01-20,0.666667,1,1,27172
2021-01-21,0.51134,3,2,31967
2021-01-22,-1.0,1,1,29218
2021-01-25,0.422072,4,2,68665
2021-01-26,0.0954,3,2,48633
2021-01-27,-0.410997,4,2,25606
2021-01-28,0.096144,3,2,46822
2021-01-29,0.333333,1,1,27875
2021-02-01,-1.0,1,1,26099
2021-02-03,0.550098,3,1,71954
2021-02-04,1.0,1,1,374
2021-02-05,0.809659,2,1,51888
2021-02-08,0.855683,2,1,45899
2021-02-09,-0.460343,2,2,22127
2021-02-10,0.668246,5,2,65001
2021-02-11,-0.259731,3,1,67357
2021-02-12,0.26119,2,1,58064
2021-02-15,1.0,1,1,28625
2021-02-16,0.866667,1,1,31470
2021-02-17,0.796516,2,1,58094
2021-02-18,-0.030581,3,1,94161
2021-02-19,-1.0,1,1,38230
2021-02-20,-1.0,1,1,519
2021-02-24,0.805651,2,1,62751
2021-02-25,0.652183,2,2,33485
2021-02-26,0.49482,2,2,34268
2021-03-01,0.704903,3,1,92886
2021-03-02,0.5,1,1,36969
2021-03-04,-0.111111,1,1,45463
2021-03-09,0.013439,2,2,44868
2021-03-10,0.0,1,1,257
2021-03-11,0.2,1,1,42575
2021-03-12,1.0,1,1,482
2021-03-15,0.782025,2,2,35049
2021-03-16,0.0,1,1,34918
2021-03-17,0.49609,2,2,35423
2021-03-18,0.653709,2,2,44891
2021-03-19,0.0,1,1,352
2021-03-22,0.333333,1,1,37208
2021-03-23,0.125,1,1,35031
2021-03-24,0.423763,2,2,36272
2021-03-25,0.0,1,1,358
2021-03-26,0.669331,2,2,39038
2021-03-29,1.0,1,1,34980
2021-03-30,1.0,1,1,38201
2021-03-31,0.198458,2,2,42663
2021-04-01,0.0,1,1,50522
2021-04-02,1.0,1,1,342
2021-04-05,1.0,1,1,42933
2021-04-06,1.0,1,1,51214
2021-04-09,-1.0,1,1,47129
2021-04-13,0.0,2,2,38384
2021-04-14,1.0,2,2,46521
2021-04-15,-0.493372,2,1,86683
2021-04-19,1.0,1,1,38878
2021-04-20,1.0,1,1,40396
2021-04-21,0.623529,2,2,42583
2021-04-22,0.006524,2,2,51659
2021-04-26,0.647059,1,1,45681
2021-04-27,0.875,1,1,47114
2021-04-28,0.199068,2,2,53660
2021-04-29,0.987817,4,2,72723
2021-04-30,1.0,1,1,402
2021-05-06,0.0,1,1,283
2021-05-14,1.0,2,1,588
2021-05-17,0.0,2,2,52671
2021-05-19,0.636364,1,1,60333
2021-05-21,0.0,1,1,288
2021-05-24,0.331708,2,2,56816
2021-05-25,-1.0,1,1,303
2021-05-26,0.818182,1,1,58423
2021-05-27,-0.449275,2,1,483
2021-05-31,-0.004829,2,2,49077
2021-06-01,0.0,1,1,233
2021-06-02,0.384615,1,1,47005
2021-06-03,0.0,1,1,301
2021-06-04,1.0,2,2,49020
2021-06-07,0.742023,3,2,51901
2021-06-08,0.0,2,2,61594
2021-06-09,-1.0,1,1,343
2021-06-10,0.0,1,1,232
2021-06-11,0.0,1,1,290
2021-06-16,0.333333,1,1,52636
2021-06-17,0.982786,4,2,51702
2021-06-18,0.659366,2,2,52507
2021-06-21,-0.989584,3,2,48961
2021-06-22,-0.99364,2,2,44813
2021-06-23,-1.0,1,1,43463
2021-06-24,-0.555187,3,2,50505
2021-06-25,0.7794,2,2,49857
2021-06-28,-0.142857,1,1,44285
2021-06-29,0.230769,1,1,48919
2021-06-30,0.538462,1,1,60346
2021-07-01,0.75,1,1,62337
2021-07-05,0.409085,3,2,69066
2021-07-07,0.0,1,1,322
2021-07-08,-1.0,1,1,336
2021-07-09,0.0,1,1,370
2021-07-12,1.0,1,1,245
2021-07-13,0.716895,3,2,63178
2021-07-14,0.333333,1,1,66101
2021-07-15,-1.0,1,1,251
2021-07-16,0.0,1,1,309
2021-07-19,0.401152,2,1,521
2021-07-20,0.661221,3,2,62318
2021-07-21,0.0,1,1,295
2021-07-22,0.0,1,1,331
2021-07-23,0.504673,2,1,535
2021-07-26,0.989299,3,2,52147
2021-07-27,-0.21956,3,2,120207
2021-07-28,0.0,2,1,577
2021-07-29,0.0,1,1,269
2021-07-30,1.0,2,1,591
2021-08-02,0.630895,4,2,93873
2021-08-03,0.710095,2,2,48410
2021-08-04,0.492453,2,1,530
2021-08-05,-0.161306,2,2,59634
2021-08-06,0.0,1,1,221
2021-08-09,-0.366362,3,1,767
2021-08-10,0.736529,3,2,109960
2021-08-11,0.996041,2,2,70224
2021-08-12,0.332383,4,1,1052
2021-08-13,0.277907,3,1,860
2021-08-16,0.0,1,1,213
2021-08-17,0.0,1,1,214
2021-08-18,0.0,2,1,477
2021-08-19,0.0,1,1,269
2021-08-20,0.297814,3,1,732
2021-08-23,0.0,1,1,244
2021-08-24,0.0,1,1,61302
2021-08-25,0.476281,2,1,527
2021-08-27,0.0,2,1,667
2021-08-30,0.0,1,1,243
2021-08-31,0.318024,5,2,159798
2021-09-02,1.0,1,1,342
2021-09-03,0.99572,2,2,71027
2021-09-06,0.0,2,1,516
2021-09-08,-0.083916,2,1,572
2021-09-09,0.428571,1,1,65415
2021-09-10,1.0,1,1,354
2021-09-14,0.536873,2,1,678
2021-09-15,0.714286,1,1,67306
2021-09-16,-1.0,1,1,67357
2021-09-17,0.0,1,1,282
2021-09-21,0.0,1,1,67230
2021-09-22,0.474369,2,1,253244
2021-09-23,0.0,1,1,274
2021-09-27,1.0,1,1,296
2021-09-28,0.576772,2,1,508
2021-09-29,1.0,1,1,281
2021-10-04,0.0,1,1,249
2021-10-06,-0.497744,2,1,665
2021-10-11,0.0,1,1,109375
2021-10-12,0.420139,2,1,576
2021-10-15,0.0875,2,1,1120
2021-10-19,1.0,1,1,355
2021-10-20,1.0,1,1,314
2021-10-21,0.497997,2,2,87349
2021-10-22,0.490166,2,1,661
2021-10-27,0.0,2,1,631
2021-10-28,0.0,1,1,375
2021-10-29,1.0,1,1,385
2021-11-01,0.325925,2,2,59886
2021-11-02,0.333333,1,1,53477
2021-11-03,0.50049,2,2,57811
2021-11-05,0.664592,3,2,77433
2021-11-08,0.922848,3,2,476004
2021-11-09,-0.172825,3,1,839
2021-11-10,0.0,1,1,257
2021-11-11,1.0,1,1,219
2021-11-16,0.0,1,1,351
2021-11-17,0.0,1,1,288
2021-11-18,0.0,1,1,322
2021-11-19,0.454148,2,1,687
2021-11-26,0.095199,2,2,75020
2021-11-29,1.0,1,1,65934
2021-11-30,1.0,1,1,253
2021-12-01,0.498876,4,2,71600
2021-12-02,0.0,3,1,1286
2021-12-03,0.436626,4,1,1073
2021-12-06,-0.25,1,1,52627
2021-12-07,0.368963,3,2,95875
2021-12-08,-0.2,1,1,66850
2021-12-09,0.0,1,1,225
2021-12-10,-1.0,1,1,61241
2021-12-13,0.989556,2,2,75644
2021-12-14,1.0,1,1,218
2021-12-15,0.0,1,1,218
2021-12-18,0.0,1,1,83216
2021-12-20,0.0,1,1,216
2021-12-21,-0.322537,5,2,103433
2021-12-22,0.0,1,1,674
2021-12-23,-1.0,2,1,554
2021-12-27,0.0,2,1,499
2022-01-11,0.75,1,1,72300
2022-01-12,0.595269,5,1,1522
2022-01-14,0.0,1,1,292
2022-01-19,-0.492145,3,2,65754
2022-01-21,1.0,1,1,72364
2022-01-24,0.0,1,1,293
2022-01-25,0.228315,2,1,1003
2022-01-26,0.0,1,1,222
2022-01-27,0.737542,2,1,903
2022-01-28,1.0,1,1,285
2022-01-31,1.0,1,1,352
2022-02-01,1.0,1,1,885
2022-02-02,0.357507,4,2,105044
2022-02-03,0.5,1,1,63641
2022-02-04,0.0,1,1,361
2022-02-07,1.0,1,1,260
2022-02-08,0.799961,4,2,51914
2022-02-09,0.284154,3,2,159508
2022-02-11,0.0,1,1,364
2022-02-15,0.0,2,1,1018
2022-02-22,1.0,1,1,467
2022-02-24,-0.768041,5,2,193202
2022-02-25,-0.738003,2,1,106585
2022-02-28,-0.480565,2,1,125729
2022-03-01,-0.333333,1,1,77656
2022-03-02,0.349856,3,2,104021
2022-03-03,0.0,1,1,502
2022-03-05,0.0,1,1,591
2022-03-07,0.473316,2,1,1143
2022-03-09,0.489444,3,1,295563
2022-03-14,-0.322839,5,1,3621
2022-03-15,-0.58568,4,2,64900
2022-03-16,-0.189352,3,2,75393
2022-03-17,-0.545832,3,1,2891
2022-03-18,-0.36123,3,1,2342
2022-03-19,0.340488,4,2,115303
2022-03-20,-0.333333,1,1,54296
2022-03-21,0.443779,8,2,105868
2022-03-22,-0.988751,2,2,69430
2022-03-23,-0.061845,13,2,273618
2022-03-24,-0.5,1,1,95933
2022-03-25,0.0,2,1,2079
2022-03-28,-0.95628,4,2,76464
2022-03-30,1.0,1,1,62151
2022-03-31,-0.676709,6,2,147644
2022-04-01,-0.130799,7,1,6050
2022-04-02,0.0,1,1,868
2022-04-03,-0.108711,3,1,2870
2022-04-04,1.0,1,1,83286
2022-04-06,-0.317667,2,1,194876
2022-04-08,0.012389,4,2,102428
2022-04-09,0.242822,8,1,8533
2022-04-10,0.333766,5,1,5390
2022-04-11,0.509761,2,1,1844
2022-04-12,0.341948,5,1,5688
2022-04-13,0.423379,2,1,2176
2022-04-14,1.0,1,1,1137
2022-04-15,-0.471405,2,1,1801
2022-04-16,0.214701,5,1,5156
2022-04-17,0.365335,3,1,3479
2022-04-18,0.5,1,1,94038
2022-04-19,0.0,2,1,1744
2022-04-20,-0.209454,4,1,3829
2022-04-21,-0.988675,2,2,86802
2022-04-22,1.0,1,1,811
2022-04-23,0.522731,5,1,4326
2022-04-25,0.0,3,2,75310
2022-04-26,-0.009296,4,2,78313
2022-04-27,0.029838,2,1,28521
2022-04-28,-0.149147,5,1,4279
2022-04-29,1.0,1,1,76796
2022-04-30,0.778357,4,1,3262
2022-05-01,1.0,3,1,2221
2022-05-02,0.501898,2,1,2108
2022-05-04,0.0,1,1,967
2022-05-05,0.0,2,1,2069
2022-05-06,1.0,1,1,863
2022-05-07,0.413642,5,1,4325
2022-05-08,0.396229,7,1,7001
2022-05-12,0.51929,3,2,54116
2022-05-13,0.959332,2,2,53998
2022-05-14,0.443554,9,2,100946
2022-05-15,0.309436,6,1,5426
2022-05-16,-0.547201,2,2,57988
2022-05-17,0.743557,4,1,3104
2022-05-18,0.0,1,1,1627
2022-05-19,1.0,2,1,109523
2022-05-20,0.0,1,1,913
2022-05-22,0.589716,5,1,4648
2022-05-23,0.318417,3,1,2324
2022-05-24,0.019497,3,2,41596
2022-05-25,0.412414,4,2,109453
2022-05-26,1.0,1,1,64012
2022-05-28,-0.498074,2,1,1817
2022-05-29,0.183826,2,1,2909
2022-05-30,0.0,1,1,1875
2022-05-31,0.0,4,1,2743
2022-06-01,0.0,2,2,44758
2022-06-03,-0.761905,4,2,146265
2022-06-05,0.546246,7,1,5514
2022-06-06,1.0,1,1,1115
2022-06-09,-0.979445,2,2,85139
2022-06-10,-0.628821,2,1,2519
2022-06-12,1.0,1,1,823
2022-06-15,0.0,1,1,76100
2022-06-16,-0.673298,2,1,1508
2022-06-17,1.0,1,1,736
2022-06-19,1.0,1,1,736
2022-06-20,-0.211898,4,1,2992
2022-06-21,0.581967,2,1,2196
2022-06-24,1.0,1,1,3334
2022-06-26,0.563667,3,1,2356
2022-06-28,0.0,1,1,43107
2022-06-29,-1.0,2,1,71831
2022-06-30,-0.277332,9,2,88334
2022-07-01,0.01249,4,2,51960
2022-07-03,1.0,1,1,595
2022-07-04,-0.213178,2,1,67013
2022-07-05,-0.338397,7,2,70233
2022-07-06,-0.018507,5,2,76566
2022-07-07,0.0,1,1,630
2022-07-08,-0.38674,2,2,40532
2022-07-09,0.312779,6,1,3811
2022-07-10,0.022708,2,1,1189
2022-07-11,0.604903,5,2,71060
2022-07-12,-0.553485,3,2,37079
2022-07-13,0.265129,5,2,80596
2022-07-14,0.921178,5,2,35891
2022-07-15,0.0,1,1,848
2022-07-17,0.11581,5,2,66564
2022-07-18,0.841996,4,1,2405
2022-07-19,0.469956,4,1,2513
2022-07-20,-1.0,1,1,37663
2022-07-21,-0.954438,4,2,43918
2022-07-22,-0.028067,2,1,1247
2022-07-23,0.0,2,2,39125
2022-07-24,1.0,2,1,1451
2022-07-25,-0.443287,4,2,101455
2022-07-26,-0.965595,2,2,33890
2022-07-27,0.088595,4,2,35970
2022-07-28,-0.156015,3,2,72506
2022-07-29,0.096905,2,2,41289
2022-07-31,0.746959,4,1,2877
2022-08-01,0.725071,3,2,36345
2022-08-02,0.174992,3,1,3303
2022-08-03,-0.209848,5,2,33502
2022-08-04,0.110682,4,1,119361
2022-08-05,0.990566,4,1,71971
2022-08-08,-0.650909,7,2,97814
2022-08-09,-0.919217,7,2,40516
2022-08-10,-0.762859,5,2,37964
2022-08-11,-0.883069,6,2,32036
2022-08-12,-0.638977,2,1,71471
2022-08-14,0.0,1,1,656
2022-08-15,0.173285,2,2,34619
2022-08-16,0.05634,5,2,36404
2022-08-17,-0.98896,2,2,36353
2022-08-18,0.046328,7,2,47725
2022-08-19,0.695803,3,1,2311
2022-08-22,0.336982,2,2,37459
2022-08-23,-0.267241,2,1,1566
2022-08-24,0.794118,2,1,62092
2022-08-25,0.689401,3,1,2170
2022-08-26,-0.372007,2,1,67160
2022-08-29,-0.6476,4,2,60385
2022-08-30,0.233409,9,2,143004
2022-08-31,0.977737,2,2,38540
2022-09-01,0.174996,3,2,39898
2022-09-02,-0.390921,2,2,40930
2022-09-03,0.0,1,1,835
2022-09-05,0.976767,3,2,34348
2022-09-06,1.0,2,2,33138
2022-09-07,0.465158,2,1,63084
2022-09-08,0.495455,3,1,100340
2022-09-09,0.0,1,1,1155
2022-09-10,0.0,1,1,53675
2022-09-13,0.534248,2,1,79740
2022-09-15,-0.325519,3,2,64641
2022-09-16,0.0,3,2,42196
2022-09-19,0.362811,7,2,36693
2022-09-20,0.167307,4,2,64337
2022-09-21,0.111421,12,2,41687
2022-09-22,0.526308,6,2,61341
2022-09-23,-0.187704,6,2,159277
2022-09-25,-1.0,1,1,909
2022-09-26,-0.685167,4,2,115917
2022-09-27,-0.949702,4,2,41778
2022-09-28,0.111111,1,1,37992
2022-09-29,0.588483,9,2,49948
2022-09-30,-1.0,1,1,48673
2022-10-01,-1.0,1,1,1217
2022-10-03,-1.0,1,1,50511
2022-10-04,0.656951,2,1,1887
2022-10-05,-0.481152,3,2,89294
2022-10-06,0.978334,2,2,49662
2022-10-07,0.333333,1,1,1062
2022-10-10,0.97634,2,2,39519
2022-10-11,0.981137,2,2,37905
2022-10-12,-0.959175,4,2,40578
2022-10-13,-0.946103,3,2,41561
2022-10-14,-1.0,1,1,47404
2022-10-17,-0.013052,3,2,66195
2022-10-18,0.978036,2,2,32918
2022-10-19,-0.2,1,1,38050
2022-10-20,1.0,2,1,1814
2022-10-21,-1.0,1,1,38120
2022-10-22,-1.0,1,1,1088
2022-10-24,-1.0,1,1,29604
2022-10-25,-0.479851,3,2,57695
2022-10-26,-0.250705,3,1,82048
2022-10-27,0.268756,4,1,3319
2022-10-28,-0.718824,2,1,64261
2022-10-31,1.0,1,1,680
2022-11-01,0.487583,3,2,49891
2022-11-02,-0.365084,3,2,52598
2022-11-03,-0.947924,2,2,31185
2022-11-05,0.333333,1,1,31013
2022-11-07,-0.2,1,1,24919
2022-11-08,0.243084,5,2,83990
2022-11-09,0.316546,3,2,26971
2022-11-10,0.210547,5,2,72595
2022-11-11,-0.022015,4,2,28798
2022-11-12,1.0,1,1,23842
2022-11-14,-0.087869,5,2,62832
2022-11-16,1.0,1,1,33528
2022-11-17,1.0,1,1,920
2022-11-18,0.133087,2,2,36241
2022-11-21,0.54421,2,2,33696
2022-11-22,0.138739,2,2,24939
2022-11-23,0.96659,4,2,45884
2022-11-24,0.0,1,1,25726
2022-11-25,-1.0,1,1,1055
2022-11-28,-0.500773,4,2,73359
2022-11-29,-0.291624,4,2,61569
2022-11-30,-1.0,1,1,20861
2022-12-01,0.119643,4,1,5834
2022-12-02,0.963509,2,2,25793
2022-12-04,-1.0,1,1,786
2022-12-05,-1.0,1,1,23935
2022-12-06,0.471826,2,1,1473
2022-12-07,-0.896036,3,2,27548
2022-12-08,-0.050148,2,1,48437
2022-12-09,0.317576,4,2,28875
2022-12-10,-0.761256,2,1,51195
2022-12-12,-0.531696,2,2,24830
2022-12-13,0.482466,4,2,45085
2022-12-14,0.75,1,1,23649
2022-12-15,-0.035723,3,2,56239
2022-12-16,-0.311111,2,1,1680
2022-12-19,0.0,1,1,690
2022-12-20,-0.635901,4,2,49297
2022-12-21,0.061905,2,2,24699
2022-12-22,0.471458,3,2,42867
2022-12-23,0.009229,3,2,53349
2022-12-26,0.355544,2,1,42431
2022-12-27,0.6,1,1,21927
2022-12-28,-0.016159,2,1,40742
2022-12-29,0.939001,4,2,30725
2022-12-30,0.45039,3,2,74309
2023-01-09,-0.074424,2,2,29360
2023-01-10,0.521979,2,1,43918
2023-01-11,0.648935,2,1,44892
2023-01-12,-0.28627,4,2,47142
2023-01-13,0.688218,4,2,32542
2023-01-16,0.343704,4,2,44276
2023-01-17,0.396169,4,2,48738
2023-01-18,0.483919,2,1,47415
2023-01-19,0.0,1,1,803
2023-01-20,0.280038,4,2,54684
2023-01-23,0.289182,2,1,42022
2023-01-24,0.83914,2,2,22935
2023-01-25,0.031,3,2,26613
2023-01-26,-0.09815,2,2,25742
2023-01-27,0.039533,2,2,28027
2023-01-30,0.0,2,2,23633
2023-01-31,-0.560297,3,2,22517
2023-02-01,0.293094,2,2,22598
2023-02-02,0.411786,4,2,52214
2023-02-06,-0.050315,3,2,38249
2023-02-07,0.057758,6,2,21694
2023-02-08,1.0,4,2,41302
2023-02-09,-0.644707,3,1,2201
2023-02-10,0.41149,3,2,41063
2023-02-12,0.0,1,1,811
2023-02-13,-0.548545,3,2,34273
2023-02-14,0.689715,2,1,36966
2023-02-15,-1.0,1,1,20234
2023-02-16,-1.0,1,1,19622
2023-02-17,-0.934203,2,2,21270
2023-02-20,0.488823,3,2,34626
2023-02-21,0.505869,4,2,54583
2023-02-22,0.0,2,1,1409
2023-02-23,0.140948,2,1,43983
2023-02-25,0.0,1,1,25962
2023-02-27,-0.338158,3,2,41876
2023-02-28,-0.883726,4,2,22963
2023-03-01,0.240963,2,2,22767
2023-03-02,0.333333,1,1,24909
2023-03-03,-0.450355,2,2,25380
2023-03-06,0.250517,3,1,57915
2023-03-07,0.431841,3,2,23028
2023-03-09,0.653356,3,2,40745
2023-03-10,0.262595,3,2,42051
2023-03-12,-0.403586,5,1,3755
2023-03-13,0.40528,5,2,59892
2023-03-14,0.870497,4,2,22401
2023-03-15,0.492857,9,2,25859
2023-03-16,0.0,2,2,22352
2023-03-17,0.969832,3,2,24861
2023-03-18,-0.413631,2,1,1702
2023-03-20,0.155657,2,1,36754
2023-03-21,1.0,2,2,21449
2023-03-22,0.344193,4,1,2609
2023-03-23,0.441256,2,2,29101
2023-03-24,0.679864,2,2,25485
2023-03-27,0.818182,1,1,19075
2023-03-28,0.0,1,1,21281
2023-03-29,0.13209,4,2,24732
2023-03-30,-0.139038,2,2,28918
2023-04-02,0.0,1,1,776
2023-04-03,-0.21808,3,2,34916
2023-04-04,0.680458,2,1,34562
2023-04-05,-0.477842,2,1,34321
2023-04-06,-1.0,1,1,1242
2023-04-07,0.0,1,1,24680
2023-04-10,-0.115302,3,2,33260
2023-04-11,0.0,1,1,20541
2023-04-12,0.939135,4,2,26074
2023-04-13,0.0,1,1,1225
2023-04-14,0.0,1,1,1270
2023-04-16,0.0,1,1,616
2023-04-17,0.972384,2,2,23863
2023-04-18,0.232863,6,2,203794
2023-04-19,0.176114,9,2,233557
2023-04-20,0.292164,8,2,179649
2023-04-21,0.333534,10,2,254326
2023-04-22,1.0,1,1,27211
2023-04-23,0.796773,2,1,52501
2023-04-24,0.672258,6,3,77498
2023-04-25,-0.125853,4,2,162170
2023-04-26,0.102418,7,2,144471
2023-04-27,-0.276405,9,3,263416
2023-04-28,0.446903,10,2,260901
2023-04-29,0.333333,1,1,24050
2023-04-30,0.361216,3,1,96594
2023-05-01,0.721844,3,2,80201
2023-05-02,0.209075,12,3,298465
2023-05-03,0.119918,12,3,273259
2023-05-04,0.306448,9,2,229365
2023-05-05,0.177423,5,1,113713
2023-05-06,-0.660453,3,1,187008
2023-05-07,0.0,1,1,27148
2023-05-08,0.987619,3,2,77295
2023-05-09,0.511082,2,1,55046
2023-05-10,0.16561,5,3,125279
2023-05-11,-0.004865,7,2,175403
2023-05-12,0.739537,7,2,194090
2023-05-14,0.333333,1,1,34289
2023-05-15,-0.126554,6,3,136980
2023-05-16,0.215092,11,2,285160
2023-05-17,0.131039,9,2,225271
2023-05-18,0.129927,11,3,295138
2023-05-19,0.66943,7,3,163593
2023-05-22,0.441991,8,2,200319
2023-05-23,0.345206,7,3,146480
2023-05-24,0.498643,16,3,265000
2023-05-25,0.176983,6,2,158914
2023-05-26,0.175914,6,3,72655
2023-05-29,0.286936,7,3,205667
2023-05-30,0.374925,4,2,109656
2023-05-31,0.225741,7,2,168956
2023-06-01,0.234909,11,2,360312
2023-06-02,0.02456,7,3,150109
2023-06-04,0.714286,1,1,28740
2023-06-05,0.288095,12,2,406083
2023-06-06,0.321527,8,3,163938
2023-06-07,0.439369,7,2,156320
2023-06-08,0.331067,7,2,163728
2023-06-09,0.462418,7,3,190306
2023-06-11,-0.046271,3,1,239653
2023-06-12,0.0,1,1,546
2023-06-13,0.389163,3,2,63129
2023-06-14,0.062906,5,3,91232
2023-06-15,0.424397,9,3,185630
2023-06-16,0.537879,6,3,132641
2023-06-17,0.142857,1,1,104458
2023-06-18,0.934205,3,1,85739
2023-06-19,0.427264,4,2,92561
2023-06-20,0.529133,8,2,184717
2023-06-21,0.021399,6,1,185088
2023-06-22,-0.260794,9,2,160240
2023-06-23,0.067536,7,3,183093
2023-06-25,0.0,1,1,32437
2023-06-26,0.253585,7,3,168973
2023-06-27,0.052395,5,2,130479
2023-06-28,0.592827,9,3,278154
2023-06-29,0.65157,6,3,143704
2023-06-30,0.222637,7,3,172119
2023-07-02,-0.368021,3,1,97932
2023-07-03,0.160662,7,1,279807
2023-07-04,-0.36002,6,2,146164
2023-07-05,0.029358,6,1,221846
2023-07-06,-0.517689,3,1,83383
2023-07-07,0.643688,8,2,196418
2023-07-09,0.375626,3,1,100420
2023-07-10,-0.133382,5,1,184705
2023-07-11,0.446699,5,2,114667
2023-07-12,0.359098,7,1,215747
2023-07-13,0.137044,8,1,211223
2023-07-14,0.212437,6,2,103299
2023-07-15,0.333333,1,1,88633
2023-07-16,1.0,1,1,94373
2023-07-17,0.394708,8,2,227761
2023-07-18,0.593818,7,2,150729
2023-07-19,0.810375,9,2,224338
2023-07-20,-0.115329,9,2,276051
2023-07-21,0.082836,5,2,125405
2023-07-23,-1.0,1,1,118757
2023-07-24,0.24564,7,3,188868
2023-07-25,0.807464,4,1,116749
2023-07-26,0.590222,7,1,242828
2023-07-27,-0.238009,6,2,198230
2023-07-28,1.0,3,2,55561
2023-07-31,0.592429,12,2,335167
2023-08-01,0.206218,8,3,185910
2023-08-02,0.154022,9,3,120041
2023-08-03,0.367671,9,3,197980
2023-08-04,0.457932,5,2,136447
2023-08-06,0.714286,1,1,30989
2023-08-07,0.81413,6,3,102357
2023-08-08,0.20152,5,2,129635
2023-08-09,0.069284,10,2,255455
2023-08-10,0.611413,9,3,198696
2023-08-11,0.267682,8,2,286811
2023-08-14,-0.179785,10,3,144256
2023-08-15,-0.086623,9,2,268945
2023-08-16,0.330503,7,2,178437
2023-08-17,0.899377,5,2,140539
2023-08-18,0.101541,7,2,193648
2023-08-20,0.0,1,1,39210
2023-08-21,0.701554,6,2,201367
2023-08-22,0.82305,4,2,166872
2023-08-23,0.658697,6,2,160817
2023-08-24,0.545805,4,1,135039
2023-08-25,-0.43223,5,2,139072
2023-08-26,1.0,1,1,25485
2023-08-28,0.538915,6,2,121277
2023-08-29,-0.340872,6,3,242101
2023-08-30,0.820883,8,2,207510
2023-08-31,0.480441,6,2,212277
2023-09-01,-0.029418,7,3,208183
2023-09-02,1.0,1,1,36367
2023-09-03,0.0,1,1,26606
2023-09-04,0.85424,8,2,190650
2023-09-05,0.368887,8,3,160794
2023-09-06,0.083465,5,2,133900
2023-09-07,0.467577,4,2,96505
2023-09-08,-0.061175,5,3,96608
2023-09-09,0.0,1,1,27225
2023-09-10,0.0,1,1,29419
2023-09-11,0.326511,10,2,299625
2023-09-12,0.185079,7,2,189779
2023-09-13,0.108357,9,2,304951
2023-09-14,0.409643,8,3,141117
2023-09-15,0.676918,5,2,124528
2023-09-16,1.0,1,1,33844
2023-09-18,0.416706,7,2,247284
2023-09-19,0.38939,2,2,50651
2023-09-20,0.050409,3,3,52788
2023-09-21,0.383086,8,3,175911
2023-09-22,0.370697,10,3,236787
2023-09-23,-1.0,1,1,760
2023-09-25,0.422079,7,3,191673
2023-09-26,0.555625,8,3,150646
2023-09-27,0.464395,5,1,164538
2023-09-28,0.38779,7,2,244750
2023-09-29,0.734662,7,2,156031
2023-10-01,0.605779,3,1,116819
2023-10-02,0.453933,8,2,205848
2023-10-03,0.704723,6,2,166183
2023-10-04,0.154444,8,3,226846
2023-10-05,0.230313,5,2,128544
2023-10-06,0.660142,8,3,195578
2023-10-07,1.0,2,2,33857
2023-10-08,0.0,1,1,33230
2023-10-09,0.791781,4,3,72652
2023-10-10,0.726763,6,3,137448
2023-10-11,0.320665,10,2,272750
2023-10-12,0.59385,6,3,151220
2023-10-13,-0.154122,3,2,17827
2023-10-15,0.095731,2,1,28156
2023-10-16,0.568095,8,2,221228
2023-10-17,0.640719,7,3,157749
2023-10-18,0.351687,6,3,124682
2023-10-19,0.521221,7,3,165831
2023-10-20,0.820253,9,3,249728
2023-10-22,1.0,1,1,30701
2023-10-23,0.230367,11,3,213542
2023-10-24,0.468344,9,3,201824
2023-10-25,0.678791,7,2,210472
2023-10-26,0.640968,4,2,104719
2023-10-27,0.954419,7,2,206403
2023-10-28,0.0,1,1,27628
2023-10-29,0.273733,2,1,29519
2023-10-30,0.62759,5,2,132022
2023-10-31,0.701319,8,2,190187
2023-11-01,0.375182,8,3,200401
2023-11-02,0.3847,10,3,258542
2023-11-03,0.713017,7,3,179062
2023-11-04,0.777014,2,2,41442
2023-11-05,0.0,1,1,24930
2023-11-06,0.276495,3,1,130551
2023-11-07,0.266163,12,3,229875
2023-11-08,0.008423,6,2,147657
2023-11-09,0.684648,8,2,198549
2023-11-10,0.834697,6,2,243508
2023-11-12,0.0,1,1,31864
2023-11-13,0.693587,12,3,263576
2023-11-14,0.71813,7,2,188165
2023-11-15,0.374432,11,2,276048
2023-11-16,0.326631,8,2,242949
2023-11-17,0.727226,5,3,111660
2023-11-19,0.0,1,1,29418
2023-11-20,0.62441,11,2,224384
2023-11-21,0.668019,7,3,132562
2023-11-22,0.75053,7,3,153274
2023-11-23,0.332573,7,3,152687
2023-11-24,0.457092,4,2,109369
2023-11-25,0.333333,1,1,33597
2023-11-26,1.0,2,1,113768
2023-11-27,0.632273,6,2,169843
2023-11-28,0.614326,8,2,184731
2023-11-29,0.680808,8,2,196897
2023-11-30,0.714479,4,1,115046
2023-12-01,-0.213647,6,3,171783
2023-12-03,0.541368,3,2,60748
2023-12-04,0.499657,10,2,259318
2023-12-05,0.567453,6,2,151383
2023-12-06,0.19321,7,2,164505
2023-12-07,-0.259899,4,2,86903
2023-12-08,0.694166,6,2,145250
2023-12-10,0.0,1,1,28521
2023-12-11,0.457861,8,2,231200
2023-12-12,0.737353,7,3,140616
2023-12-13,0.019541,5,2,142171
2023-12-14,0.176617,7,3,125162
2023-12-15,0.103413,6,3,125337
2023-12-16,1.0,1,1,17745
2023-12-17,0.0,1,1,24363
2023-12-18,0.6532,6,2,221275
2023-12-19,-0.161206,4,2,117560
2023-12-20,0.562747,8,2,184108
2023-12-21,0.356289,9,3,191842
2023-12-22,0.179247,5,2,103739
2023-12-24,0.712372,2,2,39806
2023-12-25,0.685971,6,2,191448
2023-12-26,0.868992,7,2,149118
2023-12-27,0.31794,3,2,126810
2023-12-28,0.396436,7,2,212865
2023-12-29,0.563144,3,1,96398
2023-12-30,0.07223,3,2,130308
2023-12-31,0.202326,2,1,91720
2024-01-02,0.333333,1,1,31916
2024-01-03,1.0,1,1,31221
2024-01-04,0.787002,4,1,120339
2024-01-05,1.0,1,1,31382
2024-01-07,0.584852,2,1,72562
2024-01-08,1.0,1,1,21438
2024-01-09,-0.030594,8,3,189826
2024-01-10,0.400172,6,3,125344
2024-01-11,0.064664,9,3,295311
2024-01-12,0.678172,5,2,119621
2024-01-14,0.0,1,1,32916
2024-01-15,0.375735,6,2,150579
2024-01-16,0.490726,5,2,117951
2024-01-17,0.707089,8,2,227058
2024-01-18,-0.254581,5,3,112051
2024-01-19,0.450247,4,1,139992
2024-01-21,1.0,1,1,33470
2024-01-22,-0.120635,7,3,162031
2024-01-23,0.259951,9,3,149319
2024-01-24,0.475837,6,2,150409
2024-01-25,0.297055,4,2,64813
2024-01-26,0.690682,8,3,163590
2024-01-28,0.0,1,1,22770
2024-01-29,0.494993,7,2,142107
2024-01-30,0.627055,7,2,137995
2024-01-31,-0.080163,10,2,185314
2024-02-01,0.41355,12,3,232628
2024-02-02,0.589201,3,1,82320
2024-02-03,-1.0,1,1,31358
2024-02-04,0.128148,2,2,47734
2024-02-05,0.347059,12,2,295956
2024-02-06,0.631069,5,2,99726
2024-02-07,0.676428,6,2,175910
2024-02-08,0.661286,10,3,229108
2024-02-09,0.334017,9,3,175480
2024-02-10,0.027553,2,2,29725
2024-02-11,0.657904,3,1,157760
2024-02-12,0.578707,4,2,88715
2024-02-13,0.253561,11,3,267966
2024-02-14,0.363751,4,2,103899
2024-02-15,0.898,8,2,357037
2024-02-16,-0.073322,4,2,109340
2024-02-17,-0.142857,2,1,33987
2024-02-18,0.0,1,1,33449
2024-02-19,-0.297209,4,2,106170
2024-02-20,0.447902,5,2,122011
2024-02-21,0.819694,4,1,125871
2024-02-22,0.017156,5,2,128411
2024-02-23,1.0,2,2,34997
2024-02-25,0.251268,2,1,68043
2024-02-26,0.141188,7,2,170560
2024-02-27,-0.078839,5,2,152429
2024-02-28,0.418557,9,2,191003
2024-02-29,0.743361,4,1,105362
2024-03-01,0.318389,7,2,207903
2024-03-02,0.199729,2,2,51327
2024-03-04,0.524368,7,2,213864
2024-03-05,0.880546,2,1,105547
2024-03-06,-0.384117,2,2,53101
2024-03-07,0.344861,3,1,81195
2024-03-08,-0.263933,4,2,64248
2024-03-10,0.510396,2,1,55792
2024-03-11,0.603893,5,1,129167
2024-03-12,0.468966,8,2,187248
2024-03-13,0.323687,6,2,146752
2024-03-14,-0.03267,6,3,146341
2024-03-15,-0.171617,6,2,201070
2024-03-17,0.0,1,1,28587
2024-03-18,0.551026,4,2,85082
2024-03-19,0.362477,7,2,177468
2024-03-20,0.284185,8,2,193831
2024-03-21,0.378187,7,1,155777
2024-03-22,0.300895,8,3,217688
2024-03-24,1.0,1,1,33275
2024-03-25,0.420322,2,1,56996
2024-03-26,0.609898,6,3,127395
2024-03-27,0.539509,6,2,143289
2024-03-28,1.0,4,2,136553
2024-03-29,0.425686,3,1,69129
2024-04-01,-0.006708,5,2,113552
2024-04-02,0.28707,4,2,86896
2024-04-03,0.753254,7,2,169806
2024-04-04,0.828037,5,2,116781
2024-04-05,0.586138,6,2,96955
2024-04-08,0.025057,4,2,82264
2024-04-09,0.680148,4,2,90679
2024-04-10,0.41179,6,2,114358
2024-04-11,0.024525,7,2,127828
2024-04-12,0.696155,6,2,138688
2024-04-14,0.0,1,1,21657
2024-04-15,0.495248,7,3,93545
2024-04-16,0.046715,5,1,109198
2024-04-17,0.49897,7,2,109971
2024-04-18,0.504538,6,2,135721
2024-04-19,0.483706,8,3,146085
2024-04-20,-1.0,2,1,33832
2024-04-21,0.0,1,1,25992
2024-04-22,0.626349,7,3,117466
2024-04-23,-0.044392,5,2,109596
2024-04-24,0.592451,5,2,148024
2024-04-25,0.07687,7,1,142530
2024-04-26,0.361172,8,2,165843
2024-04-27,0.933753,4,2,26205
2024-04-28,1.0,1,1,24046
2024-04-29,-0.2,1,1,19858
2024-04-30,0.514105,6,1,115098
2024-05-01,-0.514931,2,1,51034
2024-05-02,0.851103,7,3,130835
2024-05-03,0.382854,5,2,114659
2024-05-05,-0.5,1,1,23996
2024-05-06,0.509282,9,3,128253
2024-05-07,0.643427,8,3,132564
2024-05-08,0.367019,4,2,113410
2024-05-11,1.0,2,1,82998
2024-05-12,0.0,1,1,54023
2024-05-13,0.838257,3,2,72796
2024-05-14,0.358245,4,2,72641
2024-05-15,0.767653,11,3,182199
2024-05-16,-0.087654,5,2,91708
2024-05-17,0.651319,7,2,163142
2024-05-19,1.0,1,1,53470
2024-05-20,0.438386,7,3,111015
2024-05-21,0.145474,5,3,59661
2024-05-22,0.238972,8,2,156126
2024-05-23,0.233654,7,3,111801
2024-05-24,0.5,1,1,38857
2024-05-25,0.361897,2,1,64652
2024-05-26,0.333333,1,1,11682
2024-05-27,0.105118,4,2,70749
2024-05-28,0.892075,6,3,59398
2024-05-29,0.81678,7,2,164059
2024-05-30,0.901425,6,3,66157
2024-05-31,0.62159,3,1,66494
2024-06-02,-0.399031,2,2,36734
2024-06-03,0.170293,11,3,363231
2024-06-04,0.543289,6,3,82458
2024-06-05,0.264864,9,3,153712
2024-06-06,0.516289,7,3,119400
2024-06-07,-0.148419,3,2,47521
2024-06-09,0.507237,4,2,75306
2024-06-10,0.96459,5,3,70135
2024-06-11,0.024387,6,3,160124
2024-06-12,-0.048325,7,1,238388
2024-06-13,-0.079685,4,2,106762
2024-06-14,-0.375099,2,1,84935
2024-06-16,0.535023,2,1,58747
2024-06-17,-0.160493,4,2,44721
2024-06-18,0.503239,5,3,77453
2024-06-19,0.165556,6,2,104513
2024-06-20,0.719277,10,3,289330
2024-06-23,1.0,1,1,22654
2024-06-24,-0.245781,5,2,110296
2024-06-25,0.710178,5,2,95179
2024-06-26,0.414588,8,3,150588
2024-06-27,0.023381,6,2,126695
2024-06-28,0.01431,3,2,52482
2024-06-30,0.502908,14,1,6992
2024-07-01,0.314205,14,3,135409
2024-07-02,0.12614,16,3,97058
2024-07-03,0.562224,10,3,95293
2024-07-04,0.465903,10,4,113584
2024-07-05,0.165765,2,1,44710
2024-07-06,1.0,1,1,27360
2024-07-07,0.626531,2,2,25497
2024-07-08,0.466683,20,3,103576
2024-07-09,0.583009,17,3,118709
2024-07-10,0.042668,16,3,98025
2024-07-11,0.561417,15,4,137806
2024-07-12,0.26407,5,3,28126
2024-07-13,0.158441,4,3,34284
2024-07-14,-0.059536,4,3,68496
2024-07-15,0.342001,10,4,112874
2024-07-16,0.422342,10,5,105452
2024-07-17,0.520243,9,5,118095
2024-07-18,0.249839,9,4,63052
2024-07-19,0.723722,8,3,91340
2024-07-20,0.0,1,1,938
2024-07-21,0.750844,8,3,52516
2024-07-22,0.579489,8,5,92069
2024-07-23,0.439507,8,5,69107
2024-07-24,0.222143,13,5,78805
2024-07-25,0.257174,10,4,111318
2024-07-26,0.389864,15,3,236953
2024-07-27,0.575091,4,2,12309
2024-07-28,0.110984,6,2,29761
2024-07-29,0.624456,10,5,180335
2024-07-30,0.880317,10,5,126262
2024-07-31,-0.037057,13,4,122098
2024-08-01,0.187135,9,3,117977
2024-08-02,0.367934,7,3,53928
2024-08-03,0.714247,4,2,9941
2024-08-04,0.107373,10,4,56392
2024-08-05,0.166921,16,4,171147
2024-08-06,0.720399,12,5,169394
2024-08-07,0.503679,12,5,134914
2024-08-08,0.2248,11,5,157645
2024-08-09,0.573992,8,3,94879
2024-08-10,0.565964,3,3,50207
2024-08-11,-0.252213,3,3,37594
2024-08-12,0.122882,10,4,144965
2024-08-13,0.622285,19,5,196019
2024-08-14,0.498797,15,4,171347
2024-08-15,0.117822,12,5,120603
2024-08-16,-0.086376,10,3,75353
2024-08-17,1.0,1,1,922
2024-08-18,0.11535,4,3,35068
2024-08-19,0.326764,14,5,185718
2024-08-20,0.393527,17,5,171831
2024-08-21,0.574559,8,5,68229
2024-08-22,0.245064,15,4,174607
2024-08-23,0.211731,20,4,120125
2024-08-24,0.448179,3,1,2856
2024-08-25,0.343193,9,5,78920
2024-08-26,0.611554,9,5,76673
2024-08-27,0.516335,10,5,106238
2024-08-28,0.746488,13,4,216601
2024-08-29,0.51044,16,6,116804
2024-08-30,0.255142,16,4,176339
2024-08-31,0.716658,4,2,11382
2024-09-01,0.163844,17,6,92145
2024-09-02,0.230577,16,5,101562
2024-09-03,0.213652,15,4,188349
2024-09-04,0.035473,13,3,129151
2024-09-05,0.359785,12,5,94410
2024-09-06,0.193511,12,4,95827
2024-09-07,0.285976,8,3,45329
2024-09-08,-0.080275,9,3,81855
2024-09-09,0.710316,16,5,69771
2024-09-10,0.002511,23,6,168653
2024-09-11,0.760525,18,5,148933
2024-09-12,0.100378,14,5,183770
2024-09-13,0.709173,16,5,68233
2024-09-14,0.473536,2,1,2135
2024-09-15,0.340474,5,4,37856
2024-09-16,0.178769,15,5,166748
2024-09-17,0.417351,11,5,65651
2024-09-18,0.486727,15,5,81801
2024-09-19,0.237015,12,4,126672
2024-09-20,0.166683,6,3,14210
2024-09-21,0.161287,7,3,53332
2024-09-22,0.061221,6,4,48657
2024-09-23,0.387947,23,5,136803
2024-09-24,0.365307,17,5,184923
2024-09-25,0.679326,12,5,97163
2024-09-26,-0.084363,12,6,123273
2024-09-27,0.378515,15,5,95605
2024-09-28,0.147469,5,2,9541
2024-09-29,0.786939,8,3,26864
2024-09-30,-0.033264,9,4,63651
2024-10-01,-0.168166,16,6,112136
2024-10-02,0.560969,19,5,170497
2024-10-03,0.138679,13,5,91349
2024-10-04,0.549001,11,4,70719
2024-10-05,-0.484178,11,2,41650
2024-10-06,0.604245,8,4,82439
2024-10-07,0.288625,15,6,127913
2024-10-08,0.284343,20,6,121831
2024-10-09,0.400344,16,6,184122
2024-10-10,0.409469,19,5,115481
2024-10-11,0.402248,14,5,108526
2024-10-12,0.0,1,1,1140
2024-10-13,0.489484,8,4,65757
2024-10-14,0.639595,17,5,114038
2024-10-15,0.604358,17,5,121932
2024-10-16,0.548809,13,5,156902
2024-10-17,0.530789,24,5,187310
2024-10-18,0.598901,20,4,154341
2024-10-19,0.058394,5,3,12374
2024-10-20,0.373668,9,3,45147
2024-10-21,0.611769,15,5,125159
2024-10-22,0.234906,14,5,83510
2024-10-23,0.711592,10,5,77143
2024-10-24,0.621965,24,6,97845
2024-10-25,0.443949,14,5,117964
2024-10-26,0.0,2,2,6611
2024-10-27,0.617425,11,5,66627
2024-10-28,0.416289,15,5,101958
2024-10-29,0.394392,10,5,74895
2024-10-30,0.174697,21,5,186412
2024-10-31,0.52292,18,6,190750
2024-11-01,0.229414,14,5,101780
2024-11-02,0.794736,6,5,39070
2024-11-03,0.262152,9,4,36823
2024-11-04,0.589866,12,5,64707
2024-11-05,0.567323,18,6,155176
2024-11-06,0.578507,21,6,209311
2024-11-07,0.005099,15,5,142544
2024-11-08,0.977155,14,5,133288
2024-11-09,-0.071509,10,3,28761
2024-11-10,0.627725,15,5,91525
2024-11-11,0.621622,21,5,121432
2024-11-12,0.881664,15,5,82388
2024-11-13,0.447875,11,5,102219
2024-11-14,0.65849,8,3,91714
2024-11-15,0.311515,9,3,16935
2024-11-16,0.16572,9,3,15948
2024-11-17,0.005608,12,5,63617
2024-11-18,0.499042,20,6,140567
2024-11-19,0.164796,9,5,88620
2024-11-20,0.687726,22,5,233802
2024-11-21,0.373897,16,6,152329
2024-11-22,0.232399,18,6,151623
2024-11-23,-0.221387,6,3,20087
2024-11-24,-0.328764,5,3,45737
2024-11-25,0.47953,13,5,72161
2024-11-26,0.182556,19,5,154822
2024-11-27,0.344572,22,5,210333
2024-11-28,0.563757,16,5,91321
2024-11-29,0.785837,19,4,244054
2024-11-30,0.686234,8,2,39351
2024-12-01,-0.167971,8,4,40356
2024-12-02,0.392696,21,5,131963
2024-12-03,0.019852,26,5,152900
2024-12-04,0.343269,26,5,298736
2024-12-05,0.41115,21,6,93366
2024-12-06,0.469766,14,3,101488
2024-12-07,0.184806,4,2,3225
2024-12-08,0.378602,13,5,77852
2024-12-09,0.501685,22,5,142825
2024-12-10,0.469784,21,5,142372
2024-12-11,0.397712,12,4,177322
2024-12-12,0.419006,19,6,136950
2024-12-13,0.087253,13,4,156686
2024-12-14,-0.141902,6,4,39932
2024-12-15,0.551648,11,4,34020
2024-12-16,0.44102,24,5,105268
2024-12-17,0.277047,21,5,89873
2024-12-18,0.294806,19,5,130399
2024-12-19,0.320791,16,5,153289
2024-12-20,0.542819,23,6,238508
2024-12-21,0.716627,14,4,45623
2024-12-22,-0.363851,11,3,32324
2024-12-23,0.505118,29,7,270428
2024-12-24,0.622926,30,7,212101
2024-12-25,0.593199,20,6,195294
2024-12-26,0.300798,30,7,208921
2024-12-27,0.631936,26,6,251408
2024-12-28,0.550322,20,5,208037
2024-12-29,0.890193,4,3,28292
2024-12-30,0.738369,10,5,83982
2024-12-31,0.509881,6,4,60974
2025-01-01,0.275283,4,1,6368
2025-01-02,0.246162,8,3,34629
2025-01-03,0.364702,7,3,113283
2025-01-04,0.200867,5,2,4615
2025-01-05,0.181584,4,3,9720
2025-01-06,0.04513,13,4,65455
2025-01-07,0.652166,8,4,54893
2025-01-08,0.299128,15,6,65494
2025-01-09,0.199275,20,6,265694
2025-01-10,0.043272,17,5,191334
2025-01-11,0.632056,8,3,26580
2025-01-12,0.51359,8,4,60398
2025-01-13,0.314501,27,7,256533
2025-01-14,0.315866,32,7,220551
2025-01-15,0.598788,33,7,401524
2025-01-16,0.349714,28,7,204938
2025-01-17,0.342545,29,5,307292
2025-01-18,0.523205,6,3,13144
2025-01-19,0.374162,11,4,37310
2025-01-20,0.496348,22,6,195951
2025-01-21,0.333392,30,7,213616
2025-01-22,0.192823,34,7,387237
2025-01-23,0.303652,17,6,148105
2025-01-24,0.446186,26,6,222518
2025-01-25,0.574223,10,5,66820
2025-01-26,0.389041,9,5,76650
2025-01-27,0.240747,34,7,267338
2025-01-28,0.306817,25,7,233384
2025-01-29,0.495723,28,6,232653
2025-01-30,0.368769,28,6,279142
2025-01-31,0.661368,22,6,196182
2025-02-01,0.27776,7,3,51314
2025-02-02,0.279036,13,5,69849
2025-02-03,0.511919,34,7,415412
2025-02-04,0.377943,27,8,372380
2025-02-05,0.300939,28,7,320592
2025-02-06,0.283899,32,7,409269
2025-02-07,-0.000708,29,6,363787
2025-02-08,-0.02118,14,3,171542
2025-02-09,0.348378,17,6,314090
2025-02-10,0.143428,30,7,361713
2025-02-11,0.182336,38,7,540313
2025-02-12,0.171393,48,8,479305
2025-02-13,0.261772,33,7,450717
2025-02-14,0.669403,32,6,333149
2025-02-15,0.385173,10,5,70818
2025-02-16,0.541134,12,6,118992
2025-02-17,0.412988,25,8,348306
2025-02-18,0.330793,32,8,414514
2025-02-19,0.187309,25,6,287456
2025-02-20,0.139966,38,7,401212
2025-02-21,0.499644,31,6,448087
2025-02-22,0.361457,14,3,286753
2025-02-23,0.378584,16,5,223328
2025-02-24,0.105496,35,8,453904
2025-02-25,0.286036,38,8,492041
2025-02-26,0.273926,38,7,535131
2025-02-27,0.317544,34,7,511104
2025-02-28,0.43004,36,6,562652
2025-03-01,0.062018,12,5,163292
2025-03-02,0.170477,11,5,162764
2025-03-03,0.189273,37,8,464183
2025-03-04,0.421546,34,8,335390
2025-03-05,0.310028,33,7,425069
2025-03-06,0.166292,27,6,409792
2025-03-07,-0.129957,28,6,318011
2025-03-08,0.006655,15,5,216836
2025-03-09,-0.204564,22,6,248511
2025-03-10,0.073126,27,6,324693
2025-03-11,0.173053,39,7,421619
2025-03-12,0.343804,33,8,447464
2025-03-13,0.04732,20,6,274649
2025-03-14,0.187122,24,5,298331
2025-03-15,-0.310658,5,3,53657
2025-03-16,0.253348,13,4,255310
2025-03-17,0.01227,31,7,393066
2025-03-18,0.216068,31,5,519010
2025-03-19,0.216525,35,8,387921
2025-03-20,0.342428,43,7,610015
2025-03-21,0.39262,33,6,414811
2025-03-22,-0.093121,17,5,273959
2025-03-23,0.264071,10,4,130159
2025-03-24,0.60147,22,7,186173
2025-03-25,0.249817,26,7,298546
2025-03-26,0.222486,36,6,544770
2025-03-27,0.284154,23,7,264285
2025-03-28,0.328852,30,7,363984
2025-03-29,0.151071,14,5,222344
2025-03-30,0.346847,12,4,175025
2025-03-31,0.036931,33,7,408891
2025-04-01,0.159568,29,7,373929
2025-04-02,0.095774,37,7,378632
2025-04-03,-0.030208,40,8,516528
2025-04-04,-0.010239,32,6,380005
2025-04-05,-0.098298,16,5,236200
2025-04-06,0.476257,16,6,163441
2025-04-07,0.050988,47,7,474298
2025-04-08,0.072398,27,8,243863
2025-04-09,-0.088662,34,8,267213
2025-04-10,-0.059318,36,7,529210
2025-04-11,0.373086,37,6,506269
2025-04-12,0.069939,9,4,158041
2025-04-13,0.525659,10,5,187033
2025-04-14,0.365057,26,7,306424
2025-04-15,0.433998,32,7,346793
2025-04-16,0.366068,27,7,365473
2025-04-17,0.102215,29,7,375694
2025-04-18,0.260062,19,4,293051
2025-04-19,0.186983,9,5,130707
2025-04-20,0.098253,16,5,253148
2025-04-21,0.199073,23,7,380195
2025-04-22,0.167672,29,8,278685
2025-04-23,0.271049,31,8,258648
2025-04-24,0.186047,38,8,571765
2025-04-25,0.0855,24,7,266114
2025-04-26,0.049152,10,3,261046
2025-04-27,-0.09578,8,3,182005
2025-04-28,0.240233,35,8,396547
2025-04-29,0.410163,22,7,248102
2025-04-30,0.343851,27,7,403381
2025-05-01,0.285332,14,6,194969
2025-05-02,0.027755,15,5,218904
2025-05-03,-0.436221,6,2,107468
2025-05-04,0.253842,10,4,213865
2025-05-05,0.146532,35,6,527235
2025-05-06,-0.126495,29,7,262262
2025-05-07,-0.308525,26,5,247981
2025-05-08,0.43051,22,6,337442
2025-05-09,0.366874,8,5,111666
2025-05-10,0.430242,9,3,144621
2025-05-11,-0.339826,9,5,59244
2025-05-12,0.497412,31,8,317589
2025-05-13,0.23615,25,7,308207
2025-05-14,0.304996,27,7,280430
2025-05-15,0.526124,29,8,350117
2025-05-16,0.204703,35,8,428863
2025-05-17,0.140642,14,6,414938
2025-05-18,0.139715,14,6,144250
2025-05-19,0.204343,29,6,312038
2025-05-20,-0.196766,29,7,267797
2025-05-21,0.023997,27,8,258764
2025-05-22,0.142737,27,8,399100
2025-05-23,-0.150499,20,5,292425
2025-05-24,0.307011,9,4,124142
2025-05-25,0.191126,15,5,218020
2025-05-26,0.172552,30,7,325531
2025-05-27,0.293159,26,7,355810
2025-05-28,0.283311,26,8,191283
2025-05-29,0.659907,25,7,235531
2025-05-30,0.187631,37,8,276715
2025-05-31,0.259348,17,5,205213
2025-06-01,0.403817,10,5,115229
2025-06-02,0.318087,26,7,254447
2025-06-03,0.345314,31,7,349743
2025-06-04,0.203458,27,6,368230
2025-06-05,0.230611,28,6,400806
2025-06-06,0.437794,29,7,345125
2025-06-07,-0.09014,8,4,151894
2025-06-08,0.455308,13,6,153206
2025-06-09,0.214243,32,8,470498
2025-06-10,-0.081194,26,8,356551
2025-06-11,0.017654,30,8,340274
2025-06-12,0.016164,18,5,344479
2025-06-13,-0.012774,19,6,264665
2025-06-14,-0.021666,13,5,137314
2025-06-15,0.173067,17,6,288623
2025-06-16,0.295466,28,8,293640
2025-06-17,0.350465,19,8,167879
2025-06-18,0.129447,35,8,405072
2025-06-19,0.400821,37,7,445976
2025-06-20,0.211925,24,5,241330
2025-06-21,0.418438,16,4,237490
2025-06-22,0.296592,17,7,243438
2025-06-23,-0.070869,29,8,219322
2025-06-24,0.187285,24,7,271359
2025-06-25,0.147544,22,6,320308
2025-06-26,0.368097,29,6,272958
2025-06-27,0.539374,25,7,407953
2025-06-28,0.185961,15,4,181495
2025-06-29,0.498816,9,3,104603
2025-06-30,0.167428,25,6,340562
2025-07-01,0.334513,29,8,381258
2025-07-02,0.077073,32,8,362084
2025-07-03,0.298542,30,7,622715
2025-07-04,0.496904,30,6,483673
2025-07-05,-0.150836,16,5,146857
2025-07-06,0.523175,23,5,241660
2025-07-07,0.355895,27,6,337532
2025-07-08,-0.40675,20,8,235032
2025-07-09,0.387525,25,8,315368
2025-07-10,0.246497,23,8,281571
2025-07-11,0.049283,27,6,345796
2025-07-12,-0.002749,8,3,95668
2025-07-13,0.21001,8,3,127333
2025-07-14,0.152069,22,6,273997
2025-07-15,0.024292,24,8,244830
2025-07-16,0.71857,25,6,292951
2025-07-17,0.106821,31,7,387020
2025-07-18,0.110495,23,7,301164
2025-07-19,-0.333112,15,3,154802
2025-07-20,0.363357,15,6,212590
2025-07-21,0.564212,24,6,275784
2025-07-22,0.083011,20,6,202417
2025-07-23,0.110506,22,6,265071
2025-07-24,0.182774,21,8,276920
2025-07-25,0.253464,16,5,212653
2025-07-26,-0.367566,13,4,216152
2025-07-27,0.210259,13,4,140543
2025-07-28,0.217133,21,7,219869
2025-07-29,0.479672,19,7,229500
2025-07-30,0.104718,23,7,190347
2025-07-31,0.546073,22,7,287105
2025-08-01,0.114777,24,6,455210
2025-08-02,-0.461772,10,3,154469
2025-08-03,-0.731979,10,5,131013
2025-08-04,0.134439,23,7,204816
2025-08-05,0.007214,26,8,298167
2025-08-06,0.179909,30,7,399464
2025-08-07,0.113097,29,7,383893
2025-08-08,0.165281,22,7,226999
2025-08-09,0.121639,12,5,154676
2025-08-10,0.203846,11,4,150024
2025-08-11,0.551021,24,8,201063
2025-08-12,0.489529,22,7,231797
2025-08-13,0.031943,23,7,343801
2025-08-14,0.439864,25,7,440119
2025-08-15,0.019276,34,8,390002
2025-08-16,-0.05891,9,3,202194
2025-08-17,0.089861,11,4,260971
2025-08-18,0.200976,28,7,310607
2025-08-19,0.540683,30,8,277128
2025-08-20,0.186686,33,7,298285
2025-08-21,0.371764,31,7,291501
2025-08-22,0.209321,21,6,261286
2025-08-23,-0.118754,9,4,112880
2025-08-24,0.421992,11,4,144370
2025-08-25,0.46016,21,8,244592
2025-08-26,0.204664,30,7,365017
2025-08-27,0.124502,23,7,286081
2025-08-28,0.020638,31,8,377576
2025-08-29,0.668529,24,7,337798
2025-08-30,-0.110227,11,4,138674
2025-08-31,0.148263,19,3,167956
2025-09-01,0.329359,22,7,293289
2025-09-02,0.180286,27,7,345761
2025-09-03,0.513778,29,8,245522
2025-09-04,0.373124,29,8,333821
2025-09-05,0.597561,28,7,283997
2025-09-06,0.342661,10,3,117635
2025-09-07,0.737189,9,5,104832
2025-09-08,0.243518,30,7,350871
2025-09-09,0.627937,30,7,262443
2025-09-10,0.154127,28,7,262372
2025-09-11,0.269755,31,7,388443
2025-09-12,0.090687,37,7,353111
2025-09-13,-0.069238,11,4,134333
2025-09-14,0.350156,13,4,153573
2025-09-15,-0.003948,22,7,211282
2025-09-16,0.582763,20,6,285319
2025-09-17,0.107637,32,8,342527
2025-09-18,0.131997,31,8,344261
2025-09-19,0.401468,24,7,235165
2025-09-20,-0.044003,11,4,189930
2025-09-21,0.139913,16,5,199622
2025-09-22,0.382345,26,7,261073
2025-09-23,0.377835,32,8,333990
2025-09-24,0.32703,19,5,217494
2025-09-25,0.3693,23,7,229216
2025-09-26,0.409294,27,8,251824
2025-09-27,0.257102,12,5,118413
2025-09-28,-0.084412,10,4,113716
2025-09-29,0.447178,24,7,279368
2025-09-30,0.217553,26,7,249322
2025-10-01,0.60035,25,8,240033
2025-10-02,0.068913,25,7,290262
2025-10-03,0.131433,37,9,525785
2025-10-04,0.058391,17,5,206784
2025-10-05,0.622096,15,4,134622
2025-10-06,0.324566,40,9,522659
2025-10-07,0.187958,39,8,532143
2025-10-08,-0.158111,36,8,558242
2025-10-09,0.18577,37,7,619039
2025-10-10,0.011904,39,8,497108
2025-10-11,0.006943,12,5,133938
2025-10-12,0.373043,14,5,226941
2025-10-13,0.190081,43,8,541144
2025-10-14,0.054918,37,8,465047
2025-10-15,0.391643,34,8,458314
2025-10-16,0.266338,41,8,527146
2025-10-17,0.199958,36,8,560004
2025-10-18,0.586483,9,3,123308
2025-10-19,0.145389,7,3,108355
2025-10-20,0.333851,28,9,305339
2025-10-21,0.22108,30,8,401106
2025-10-22,-0.078168,45,7,684533
2025-10-23,-0.42738,46,9,768170
2025-10-24,0.137096,50,7,743540
2025-10-25,0.044991,25,5,487164
2025-10-26,-0.349384,13,4,140436
2025-10-27,-0.125054,43,8,541871
2025-10-28,0.124037,35,9,462480
2025-10-29,0.056919,39,8,561339
2025-10-30,0.288976,42,8,612022
2025-10-31,0.336622,22,8,351551
2025-11-01,0.371471,23,7,365199
2025-11-02,0.174009,14,5,189426
2025-11-03,0.028209,16,6,303997
2025-11-04,0.404408,10,3,145642
2025-11-05,-0.05219,20,8,307507
2025-11-06,0.018483,21,7,302482
2025-11-07,0.087069,23,7,320798
2025-11-08,0.146575,14,5,196889
2025-11-09,0.654234,9,4,71372
2025-11-10,0.408868,33,8,510629
2025-11-11,-0.093397,28,8,276641
2025-11-12,0.473718,26,8,366102
2025-11-13,0.277434,29,8,477920
2025-11-14,0.533207,25,7,412278
2025-11-15,-0.077794,11,5,179796
2025-11-16,-0.184468,8,3,136707
2025-11-17,-0.093026,36,9,549449
2025-11-18,0.049742,42,8,485566
2025-11-19,-0.102385,33,8,399993
2025-11-20,0.153635,43,8,620811
2025-11-21,0.242401,38,8,470275
2025-11-22,-0.327521,12,5,217089
2025-11-23,-0.090127,18,6,227047
2025-11-24,0.198291,41,8,455874
2025-11-25,0.032929,37,7,506128
2025-11-26,-0.08762,39,7,505915
2025-11-27,0.226223,36,9,440996
2025-11-28,0.187456,37,7,438087
2025-11-29,0.129296,8,5,146640
2025-11-30,0.178438,10,3,168406
2025-12-01,0.21634,27,8,385316
2025-12-02,0.228564,39,7,555172
2025-12-03,0.247383,61,8,822861
2025-12-04,0.150256,32,9,393768
2025-12-05,-0.061568,39,8,576824
2025-12-06,0.292452,7,5,97992
2025-12-07,-0.191783,15,6,267855
2025-12-08,0.197021,34,8,367185
2025-12-09,0.24649,43,7,488635
2025-12-10,0.197838,41,8,546117
2025-12-11,0.200634,41,8,513135
2025-12-12,0.174244,33,6,455350
2025-12-13,-0.394968,11,4,193798
2025-12-14,-0.405678,8,4,114742
2025-12-15,0.337107,42,8,529185
2025-12-16,-0.020394,35,6,517070
2025-12-17,0.169895,46,8,571062
2025-12-18,-0.128501,28,7,563884
2025-12-19,-0.076056,34,8,514654
2025-12-20,0.021103,14,4,200330
2025-12-21,-0.168019,13,4,208449
2025-12-22,-0.142567,34,7,461885
2025-12-23,0.161881,32,8,468032
2025-12-24,0.286477,37,8,517405
2025-12-25,0.065947,33,7,498721
2025-12-26,0.307237,19,7,298807
2025-12-27,0.057413,12,4,178932
2025-12-28,0.333116,14,4,190442
2025-12-29,0.093689,34,7,516252
2025-12-30,0.145062,31,7,532230
2025-12-31,0.388988,12,4,126429
2026-01-01,0.456334,12,4,172698
2026-01-02,0.037528,7,2,78049
2026-01-03,-0.552392,20,5,293176
2026-01-04,0.300548,15,5,237433
2026-01-05,-0.064498,13,4,277855
2026-01-06,0.332405,17,4,259048
2026-01-07,0.169823,14,5,215890
2026-01-08,0.225614,26,5,349170
2026-01-09,0.454445,18,5,357379
2026-01-10,0.325937,16,4,287391
2026-01-11,-0.504508,16,5,248388
2026-01-12,0.246939,47,8,676502
2026-01-13,0.255855,41,8,556032
2026-01-14,0.159475,37,8,521455
2026-01-15,0.311271,31,7,555064
2026-01-16,0.339985,41,8,719260
2026-01-17,0.254792,15,5,140176
2026-01-18,0.460748,12,4,166832
2026-01-19,0.321357,50,8,553818
2026-01-20,0.223779,44,8,621162
2026-01-21,0.1248,47,8,529502
2026-01-22,0.41123,38,7,426478
2026-01-23,0.333501,37,7,470988
2026-01-24,0.446134,13,6,195336
2026-01-25,0.355566,8,4,66688
2026-01-26,0.373582,41,8,479892
2026-01-27,0.087657,41,7,497571
2026-01-28,0.366953,58,8,651225
2026-01-29,0.271525,40,6,495809
2026-01-30,0.295309,34,6,525369
2026-01-31,0.145559,10,4,127964
2026-02-01,0.036127,8,3,133684
2026-02-02,0.131961,36,8,414144
2026-02-03,0.156673,44,8,583300
2026-02-04,0.10106,47,8,642704
2026-02-05,0.014276,33,8,452641
2026-02-06,0.04427,37,8,442657
2026-02-07,0.562405,11,3,127021
2026-02-08,-0.329856,15,4,180691
2026-02-09,0.019844,26,8,421949
2026-02-10,-0.052961,39,8,494355
2026-02-11,0.156749,38,7,526720
2026-02-12,0.26588,46,9,543192
2026-02-13,0.171206,61,8,706980
2026-02-14,0.0259,11,5,142908
2026-02-15,-0.887181,4,3,25962
2026-02-16,0.357355,32,7,362034
2026-02-17,-0.045053,35,9,369938
2026-02-18,0.233618,37,8,389477
2026-02-19,0.029355,37,9,419765
2026-02-20,0.231996,28,7,304927
2026-02-21,0.51313,10,4,150917
2026-02-22,0.081985,8,4,94200
2026-02-23,-0.177508,11,6,150951
2026-02-24,0.099759,35,7,483963
2026-02-25,0.285765,47,8,574645
2026-02-26,0.325136,41,9,477398
2026-02-27,0.05768,38,8,413793
2026-02-28,-0.006849,11,4,139005
2026-03-01,0.43855,16,6,311921
2026-03-02,0.532624,33,8,477483
2026-03-03,0.521085,30,9,331296
2026-03-04,-0.025639,34,9,477185
2026-03-05,0.205874,36,9,427005
2026-03-06,0.076895,35,8,492931
2026-03-07,0.643463,21,9,475401
2026-03-08,0.11755,37,7,2030199
2026-03-09,0.107602,87,8,4015667
2026-03-10,-0.040343,86,10,2932268
2026-03-11,0.184342,84,9,2556176
2026-03-12,0.252385,108,11,2831977
2026-03-13,0.233685,132,11,3695430
2026-03-14,-0.024419,43,7,1051687
2026-03-15,0.083706,59,8,1909091
2026-03-16,0.030527,121,10,3426169
2026-03-17,0.072427,100,11,2971868
2026-03-18,-0.112648,78,10,2754504
2026-03-19,0.062981,123,10,4272326
2026-03-20,0.045376,126,11,3295299
2026-03-21,-0.33416,26,7,1354307
2026-03-22,0.011677,38,7,1166075
2026-03-23,0.220543,92,11,2716369
2026-03-24,0.066959,85,11,2246726
2026-03-25,0.238922,79,10,1597453
2026-03-26,0.282238,143,11,2868167
2026-03-27,0.152162,90,9,3036600
2026-03-28,0.244936,32,6,1079926
2026-03-29,0.083832,31,6,1392666
2026-03-30,0.266734,84,9,2754945
2026-03-31,0.23046,86,10,3379566
2026-04-01,0.248246,83,9,3076693
2026-04-02,0.165876,70,11,2584272
2026-04-03,0.00902,64,11,1853487
2026-04-04,0.004651,24,6,929422
2026-04-05,0.399881,34,7,1442880
2026-04-06,0.35085,53,10,1877489
2026-04-07,0.195736,55,9,1750295
2026-04-08,0.189248,81,10,2439760
2026-04-09,0.450083,62,10,1739803
2026-04-10,-0.0523,67,9,1882372
2026-04-11,0.068011,17,7,722756
2026-04-12,0.14273,30,5,1242603
2026-04-13,-0.153592,65,10,1833553
2026-04-14,0.090129,115,11,3984908
2026-04-15,0.067513,129,10,4276269
2026-04-16,0.085097,160,10,5134613
2026-04-17,0.196482,92,9,3718342
2026-04-18,-0.056119,36,9,1501171
2026-04-19,0.017407,43,6,1770734
2026-04-20,0.18941,115,12,4079898
2026-04-21,0.107514,118,10,4163857
2026-04-22,0.054626,109,10,3959819
2026-04-23,-0.024048,159,10,4609753
2026-04-24,-0.008429,136,11,3547318
2026-04-25,0.044084,35,8,1249654
2026-04-26,0.527222,31,6,1745889
2026-04-27,0.134921,101,11,3181162
2026-04-28,0.291912,119,10,4194346
2026-04-29,0.270687,133,12,4785138
2026-04-30,0.272845,112,10,3479654
2026-05-01,0.197755,57,7,2560122
2026-05-02,0.098559,26,6,1203431
2026-05-03,0.252007,31,6,1410348
2026-05-04,0.158592,97,11,4130597
2026-05-05,0.232362,88,9,3524626
2026-05-06,0.186725,101,11,3648229
2026-05-07,0.186343,81,10,2664576
2026-05-08,0.258798,61,10,2067883
2026-05-09,-0.030083,25,7,1079253
2026-05-10,0.237968,32,6,1582457
2026-05-11,-0.104673,98,8,4024157
2026-05-12,0.201517,121,11,4108939
2026-05-13,0.368308,107,11,3874157
2026-05-14,0.213071,114,11,3871278
2026-05-15,0.2106,107,9,3838819
2026-05-16,0.369705,23,7,794319
2026-05-17,0.020559,39,6,1458764
2026-05-18,0.251402,134,11,4743257
2026-05-19,0.307165,120,11,3872240
2026-05-20,0.141916,153,11,4571708
2026-05-21,0.295024,123,10,3865164
2026-05-22,0.369848,105,11,3606105
2026-05-23,0.255147,25,7,1029055
2026-05-24,0.180381,20,6,699141
2026-05-25,0.217313,75,11,2811761
2026-05-26,0.174023,89,10,3085953
2026-05-27,0.274599,86,11,2484061
